>ENSG00000188157(AGRN)	5050	CTGTTGCTCCCAGCACTCACCCGACATCTGCCTCCGTGACTGTGACCACCCCAGGGCTCCTCCTGAGCCAGGCACTGCCGGCCCCCCCCGGCGCCCTCCCC
>ENSG00000188157(AGRN)	3070	CCGACATCTGCCTCCGTGACTGTGACCACCCCAGGGCTCCTCCTGAGCCAGGCACTGCCGGCCCCCCCCGGCGCCCTCCCCCTGGCTCCCAGCAGTACCGC
>ENSG00000188157(AGRN)	7030	CCTCCCTCTCCTTGCAGAGGCTGTTGCTCCCAGCACTCACCCGACATCTGCCTCCGTGACTGTGACCACCCCAGGGCTCCTCCTGAGCCAGGCACTGCCGG
>ENSG00000188157(AGRN)	5050	CTCCCCATGACCCCAGGGAGAAGATGGCGCTGGAGGTCGTGTTCCTGGCACGAGGCCCCAGCGGCCTCCTGCTCTACAACGGGCAGAAGACGGACGGCAAG
>ENSG00000188157(AGRN)	3070	AAGATGGCGCTGGAGGTCGTGTTCCTGGCACGAGGCCCCAGCGGCCTCCTGCTCTACAACGGGCAGAAGACGGACGGCAAGGGGGACTTCGTGTCGCTGGC
>ENSG00000188157(AGRN)	7030	GGACAGCAAAGACACCCCGACTCCCCATGACCCCAGGGAGAAGATGGCGCTGGAGGTCGTGTTCCTGGCACGAGGCCCCAGCGGCCTCCTGCTCTACAACG
>ENSG00000083444(PLOD1)	5050	GCACCAGGGACTTCTGCTTCAAGTTTTGGGGTAAAGACACCTGGATCAGACTCCAAGGGCTGCCCTGAGTCTGGGACTTCTGCCTCCATGGCTGGTCATGA
>ENSG00000083444(PLOD1)	3070	AAGTTTTGGGGTAAAGACACCTGGATCAGACTCCAAGGGCTGCCCTGAGTCTGGGACTTCTGCCTCCATGGCTGGTCATGAGAGCAAACCGTAGTCCCCTG
>ENSG00000083444(PLOD1)	7030	TTCTCCCAGGCACAGGTGTTGCACCAGGGACTTCTGCTTCAAGTTTTGGGGTAAAGACACCTGGATCAGACTCCAAGGGCTGCCCTGAGTCTGGGACTTCT
>ENSG00000055070(SZRD1)	5050	CTTGTTTAGTATTTTGCCATCAGCACAAGGAAAACCAGGAGAGAGTCTGCCTCCAGGACTCTGAGCCTTCTGCCTCGTATGTTCAGAAGGTGGATAGGTCT
>ENSG00000055070(SZRD1)	3070	CAGCACAAGGAAAACCAGGAGAGAGTCTGCCTCCAGGACTCTGAGCCTTCTGCCTCGTATGTTCAGAAGGTGGATAGGTCTTCCCACTCCAGCATGGCTTG
>ENSG00000055070(SZRD1)	7030	TAGAAGTGACGGAGAGAAGACTTGTTTAGTATTTTGCCATCAGCACAAGGAAAACCAGGAGAGAGTCTGCCTCCAGGACTCTGAGCCTTCTGCCTCGTATG
>ENSG00000244038(DDOST)	5050	CAGTATGAGCGCTTCATCCCCTCGGCCTACCCCTACTACGCCAGCGCCTTCTCCATGATGCTGGGGCTCTTCATCTTCAGCATCGTCTTCTTGCACATGAA
>ENSG00000244038(DDOST)	3070	TGCGGCCACTCCAGCACACGCAGTATGAGCGCTTCATCCCCTCGGCCTACCCCTACTACGCCAGCGCCTTCTCCATGATGCTGGGGCTCTTCATCTTCAGC
>ENSG00000244038(DDOST)	7030	CTCGGCCTACCCCTACTACGCCAGCGCCTTCTCCATGATGCTGGGGCTCTTCATCTTCAGCATCGTCTTCTTGCACATGAAGGAGAAGGAGAAGTCCGACT
>ENSG00000244038(DDOST)	5050	AGTGGCCAGGTCCTGCCACCTCTGTCCTCCTGCAGGTATCCGTGCGGCCACTCCAGCACACGCAGTATGAGCGCTTCATCCCCTCGGCCTACCCCTACTAC
>ENSG00000244038(DDOST)	3070	GTGCCCTGCCTGGGCTCTGCAGTGGCCAGGTCCTGCCACCTCTGTCCTCCTGCAGGTATCCGTGCGGCCACTCCAGCACACGCAGTATGAGCGCTTCATCC
>ENSG00000244038(DDOST)	7030	TCTGTCCTCCTGCAGGTATCCGTGCGGCCACTCCAGCACACGCAGTATGAGCGCTTCATCCCCTCGGCCTACCCCTACTACGCCAGCGCCTTCTCCATGAT
>ENSG00000180198(RCC1)	5050	TATTTCACCTTTGCCATCTCCCATGAGGGCCACGTGTACGGCTTCGGCCTCTCCAACTACCATCAGCTTGGTGAGCCCCGAGCCCAGCTTCAGGCATGACC
>ENSG00000180198(RCC1)	3070	CCATGAGGGCCACGTGTACGGCTTCGGCCTCTCCAACTACCATCAGCTTGGTGAGCCCCGAGCCCAGCTTCAGGCATGACCCAGTGGCCTGCGTTCCTGTC
>ENSG00000180198(RCC1)	7030	AGGATGCCTTTTGTGGTGCCTATTTCACCTTTGCCATCTCCCATGAGGGCCACGTGTACGGCTTCGGCCTCTCCAACTACCATCAGCTTGGTGAGCCCCGA
>ENSG00000175130(MARCKSL1)	5050	GGGGCGGCTCCAAGCGCCCCCCAGCAGACCCCCATCATGGGCAGCCAGAGCTCCAAGGCTCCCCGGGGCGACGTGACCGCCGAGGAGGCAGCAGGCGCTTC
>ENSG00000175130(MARCKSL1)	3070	ATCCCCTGCGGCGCGAGCCCGGGGCGGCTCCAAGCGCCCCCCAGCAGACCCCCATCATGGGCAGCCAGAGCTCCAAGGCTCCCCGGGGCGACGTGACCGCC
>ENSG00000175130(MARCKSL1)	7030	CCAGCAGACCCCCATCATGGGCAGCCAGAGCTCCAAGGCTCCCCGGGGCGACGTGACCGCCGAGGAGGCAGCAGGCGCTTCCCCCGCGAAGGCCAACGGCC
>ENSG00000117410(ATP6V0B)	5050	TACCTATTCCTCTGTCCCTGCCTGATTTCTCCTGTTCTTTTTTTGCAGACCTCCAGAGTGAAGATGGGTGACTAGATGATATGTGTGGGTGGGGCCGTGCC
>ENSG00000117410(ATP6V0B)	3070	CCTGATTTCTCCTGTTCTTTTTTTGCAGACCTCCAGAGTGAAGATGGGTGACTAGATGATATGTGTGGGTGGGGCCGTGCCTCACTTTTATTTATTGCTGG
>ENSG00000117410(ATP6V0B)	7030	TCTATCATTTGTCACTGCCTTACCTATTCCTCTGTCCCTGCCTGATTTCTCCTGTTCTTTTTTTGCAGACCTCCAGAGTGAAGATGGGTGACTAGATGATA
>ENSG00000154222(CC2D1B)	5050	CCCAGCCCGTTTCAGACTTAGACCCAGACCCGCGGGCCCTGCTGTCATCCCGACAGAGAGAGTACAAAGTGGCTGCCCTCAGTGCCAAGCGGGCTGGAGAG
>ENSG00000154222(CC2D1B)	3070	CAGCCTCCCTGGCATTTCTGCCCAGCCCGTTTCAGACTTAGACCCAGACCCGCGGGCCCTGCTGTCATCCCGACAGAGAGAGTACAAAGTGGCTGCCCTCA
>ENSG00000154222(CC2D1B)	7030	GACCCAGACCCGCGGGCCCTGCTGTCATCCCGACAGAGAGAGTACAAAGTGGCTGCCCTCAGTGCCAAGCGGGCTGGAGAGCTAGACCGTGCCCGAGAGCT
>ENSG00000116221(MRPL37)	5050	CCAAGATGATCCTGTTTGCTTTTGGCAGTGCCCTGGCTCAGGCCCGGCTCCTCTATGGGGTATGTAGGTGGAGAAGACCACTGAGTTGCTTTACGTGGTGT
>ENSG00000116221(MRPL37)	3070	TTTGGCAGTGCCCTGGCTCAGGCCCGGCTCCTCTATGGGGTATGTAGGTGGAGAAGACCACTGAGTTGCTTTACGTGGTGTTGGTCTCCTCCCTTAAGGTT
>ENSG00000116221(MRPL37)	7030	TCAACCAGATCAGCTGCGGGCCAAGATGATCCTGTTTGCTTTTGGCAGTGCCCTGGCTCAGGCCCGGCTCCTCTATGGGGTATGTAGGTGGAGAAGACCAC
>ENSG00000134250(NOTCH2)	5050	AGGACTCTTCTGCTAACATCATCACAGACTTGGTCTACCAGGGTGCCAGCCTCCAGGCCCAGACAGACCGGACTGGTGAGATGGCCCTGCACCTTGCAGCC
>ENSG00000134250(NOTCH2)	3070	TGATGAAGATGAAGATGCAGAGGACTCTTCTGCTAACATCATCACAGACTTGGTCTACCAGGGTGCCAGCCTCCAGGCCCAGACAGACCGGACTGGTGAGA
>ENSG00000134250(NOTCH2)	7030	ATCACAGACTTGGTCTACCAGGGTGCCAGCCTCCAGGCCCAGACAGACCGGACTGGTGAGATGGCCCTGCACCTTGCAGCCCGCTACTCACGGGCTGATGC
>ENSG00000143543(JTB)	5050	GGGAGCGGAGGTGAGCGGGCGCTAGGGCCGCGAGCCCCCGCCGGCCCTTCCTCCAGCGCCCTGCGGACCCCGCAGAAGGCGCTCGCCTCCCTAGCCCGCAA
>ENSG00000143543(JTB)	3070	TAGATGGCTGCGTCGGGGGCGGGAGCGGAGGTGAGCGGGCGCTAGGGCCGCGAGCCCCCGCCGGCCCTTCCTCCAGCGCCCTGCGGACCCCGCAGAAGGCG
>ENSG00000143543(JTB)	7030	GCTAGGGCCGCGAGCCCCCGCCGGCCCTTCCTCCAGCGCCCTGCGGACCCCGCAGAAGGCGCTCGCCTCCCTAGCCCGCAAAAACATATCGATTTTTCTCG
>ENSG00000116698(SMG7)	5050	GAGTCTCAGGAGGAGTCCTACAATGCCTATCCTCTTCCAGCAGTCAAGGTCTCCATGGACTGGCTAAGACTCAGACCCAGGGTCTTTCAGGAGGCAGTGGT
>ENSG00000116698(SMG7)	3070	CAATGCCTATCCTCTTCCAGCAGTCAAGGTCTCCATGGACTGGCTAAGACTCAGACCCAGGGTCTTTCAGGAGGCAGTGGTGGATGAAAGACAGTAGTAAG
>ENSG00000116698(SMG7)	7030	GCAAGTGTCCTCTACAGAATGAGTCTCAGGAGGAGTCCTACAATGCCTATCCTCTTCCAGCAGTCAAGGTCTCCATGGACTGGCTAAGACTCAGACCCAGG
>ENSG00000123838(C4BPA)	5050	TTTCAGCAGAAAAACATCAGCGAAGCAGCAGGCCATGCACCCCCCAAAAACTCCATCTGGGGCTCTTCATAGAAAAAGGAAAATGGCAGCCTGGCCCTTCT
>ENSG00000123838(C4BPA)	3070	CGAAGCAGCAGGCCATGCACCCCCCAAAAACTCCATCTGGGGCTCTTCATAGAAAAAGGAAAATGGCAGCCTGGCCCTTCTCCAGGCTGTGGAAAGTCTCT
>ENSG00000123838(C4BPA)	7030	CTATTTATTAAATTGAGTTCTTTCAGCAGAAAAACATCAGCGAAGCAGCAGGCCATGCACCCCCCAAAAACTCCATCTGGGGCTCTTCATAGAAAAAGGAA
>ENSG00000143748(NVL)	5050	AGGATCAAATCATGTATGAACGTTTGCAGGAGTCCCTCAGCCGGTGATGTCTCCAGCAGCCGGCTTAGAGGAGCTAGCCCATCAAGCCGGCAGAGAATCCC
>ENSG00000143748(NVL)	3070	TCTGTGTTCTCCCTCCTTTCAGGATCAAATCATGTATGAACGTTTGCAGGAGTCCCTCAGCCGGTGATGTCTCCAGCAGCCGGCTTAGAGGAGCTAGCCCA
>ENSG00000143748(NVL)	7030	CGTTTGCAGGAGTCCCTCAGCCGGTGATGTCTCCAGCAGCCGGCTTAGAGGAGCTAGCCCATCAAGCCGGCAGAGAATCCCCCACACGCTCTGAAGGACCC
>ENSG00000065809(FAM107B)	5050	TATAACCCAGCTTCAGTAGCAAAAGTAGAAGCCGCCACATCTTTTCATTTCTCCAAGAGGAGAGTGGGGAAGGTTCCCATGACCAGCTGGGCAGTCAGGAT
>ENSG00000065809(FAM107B)	3070	TAGAGAGTGGAACTAGTCCATATAACCCAGCTTCAGTAGCAAAAGTAGAAGCCGCCACATCTTTTCATTTCTCCAAGAGGAGAGTGGGGAAGGTTCCCATG
>ENSG00000065809(FAM107B)	7030	AAAAGTAGAAGCCGCCACATCTTTTCATTTCTCCAAGAGGAGAGTGGGGAAGGTTCCCATGACCAGCTGGGCAGTCAGGATTTCTCTAGGCATTCTAATGT
>ENSG00000170759(KIF5B)	5050	GGGTTAACGGCTGCCGGCGCCGGCTCTTCAAGTCCCGGCTCCCCGGCCGCCTCCACCCGGGGAAGCGCAGCGCGGCGCAGCTGACTGCTGCCTCTCACGGC
>ENSG00000170759(KIF5B)	3070	TGGATCGGAAGTGAGCATTAGGGTTAACGGCTGCCGGCGCCGGCTCTTCAAGTCCCGGCTCCCCGGCCGCCTCCACCCGGGGAAGCGCAGCGCGGCGCAGC
>ENSG00000170759(KIF5B)	7030	CGGCTCTTCAAGTCCCGGCTCCCCGGCCGCCTCCACCCGGGGAAGCGCAGCGCGGCGCAGCTGACTGCTGCCTCTCACGGCCCTCGCGACCACAAGCCCTC
>ENSG00000108100(CCNY)	5050	CGCCGCCCGCCATGGCCGCGGCGGGGTGAGGTAGGCGCGGCGGCCGCAGTCGCGCGGACCCGAGCGCTCCTCCGCCGCGGATAGGCCGGCCGAGGGGGAGC
>ENSG00000108100(CCNY)	3070	GCGGGGTGAGGTAGGCGCGGCGGCCGCAGTCGCGCGGACCCGAGCGCTCCTCCGCCGCGGATAGGCCGGCCGAGGGGGAGCCGGGGCCGTCGCCCGCTCGT
>ENSG00000108100(CCNY)	7030	GGGGGAGGCGGCCTGCGCGGCGCCGCCCGCCATGGCCGCGGCGGGGTGAGGTAGGCGCGGCGGCCGCAGTCGCGCGGACCCGAGCGCTCCTCCGCCGCGGA
>ENSG00000165733(BMS1)	5050	TTTGTGGTTCGCTATATTTCTTTTTTTCCTTTTCCTTTAAGGCCCTATCACTCCACAGGGAACTGGTTTCTTGGCAATACAGTCTGTCAGTGGCATAATGG
>ENSG00000165733(BMS1)	3070	TTTTTTTCCTTTTCCTTTAAGGCCCTATCACTCCACAGGGAACTGGTTTCTTGGCAATACAGTCTGTCAGTGGCATAATGGTAACTATCTTGGATGATTTC
>ENSG00000165733(BMS1)	7030	TGTTAAACTAGAATCTAAAATTTGTGGTTCGCTATATTTCTTTTTTTCCTTTTCCTTTAAGGCCCTATCACTCCACAGGGAACTGGTTTCTTGGCAATACA
>ENSG00000154473(BUB3)	5050	CTTGTCTCCTCCTGGGACACGTCCGTGCGTCTCTACGATGTGCCGGCCAACTCCATGCGGCTCAAGTACCAGCACACCGGCGCCGTCCTGGACTGCGCCTT
>ENSG00000154473(BUB3)	3070	GTCCGTGCGTCTCTACGATGTGCCGGCCAACTCCATGCGGCTCAAGTACCAGCACACCGGCGCCGTCCTGGACTGCGCCTTCTACGTAGGTGCCCTCCCGC
>ENSG00000154473(BUB3)	7030	CCAACACCTCCCAGTTCCTGCTTGTCTCCTCCTGGGACACGTCCGTGCGTCTCTACGATGTGCCGGCCAACTCCATGCGGCTCAAGTACCAGCACACCGGC
>ENSG00000127884(ECHS1)	5050	CAAGTAAATCATCCTCTTTTCAAGAGCAGTGTCCGTGGTGTGCAGTTCCTCTCCAATTGCTGCGTGGTCGTGGCCCGACCTCTCACGGCATGACAGCCTTC
>ENSG00000127884(ECHS1)	3070	CAGCCTGTCAGTTTTAGAAGCAAGTAAATCATCCTCTTTTCAAGAGCAGTGTCCGTGGTGTGCAGTTCCTCTCCAATTGCTGCGTGGTCGTGGCCCGACCT
>ENSG00000127884(ECHS1)	7030	CAAGAGCAGTGTCCGTGGTGTGCAGTTCCTCTCCAATTGCTGCGTGGTCGTGGCCCGACCTCTCACGGCATGACAGCCTTCGTCACCCAGCCTGTGAGGGT
>ENSG00000214063(TSPAN4)	5050	CCTGCCTCAGCCCGACCTGAGCTTGCCCCCCAGTTCCGCTGCTGTGGCGTCTCCAACTACACTGACTGGTTCGAGGTGTACAACGCCACGCGGGTACCTGA
>ENSG00000214063(TSPAN4)	3070	GCTTGCCCCCCAGTTCCGCTGCTGTGGCGTCTCCAACTACACTGACTGGTTCGAGGTGTACAACGCCACGCGGGTACCTGACTCCTGCTGCTTGGAGTTCA
>ENSG00000214063(TSPAN4)	7030	CGGCGGGTGCCCCCTCCCCTCCTGCCTCAGCCCGACCTGAGCTTGCCCCCCAGTTCCGCTGCTGTGGCGTCTCCAACTACACTGACTGGTTCGAGGTGTAC
>ENSG00000117984(CTSD)	5050	CCCCACCCAAGCTTGGCAGCCGAGCTCGTGTATCCTGGGGCTCCCTTCATCTCCAGGGAGTCCCCTCCCCGGCCCTACCAGCGCCCGCTGGGCTGAGCCCC
>ENSG00000117984(CTSD)	3070	CTGTTTCGTGCATTGGAAGACCCCACCCAAGCTTGGCAGCCGAGCTCGTGTATCCTGGGGCTCCCTTCATCTCCAGGGAGTCCCCTCCCCGGCCCTACCAG
>ENSG00000117984(CTSD)	7030	CGAGCTCGTGTATCCTGGGGCTCCCTTCATCTCCAGGGAGTCCCCTCCCCGGCCCTACCAGCGCCCGCTGGGCTGAGCCCCTACCCCACACCAGGCCGTCC
>ENSG00000250644	5050	CAGTGCTTCACAGTCGTCTTCGACACGGGCTCCTCCAACCTGTGGGTCCCCTCCATCCACTGCAAACTGCTGGACATCGCTTGCTGTGAGTCACGAACCCT
>ENSG00000250644	3070	TTGGCATCGGGACGCCCCCCCAGTGCTTCACAGTCGTCTTCGACACGGGCTCCTCCAACCTGTGGGTCCCCTCCATCCACTGCAAACTGCTGGACATCGCT
>ENSG00000250644	7030	CGACACGGGCTCCTCCAACCTGTGGGTCCCCTCCATCCACTGCAAACTGCTGGACATCGCTTGCTGTGAGTCACGAACCCTGGCCCCGTCGCCCAGGTCCT
>ENSG00000177105(RHOG)	5050	CTCTGCCCTCGCTGCTCTTGGAATTGCGCCCCCAAGATGCTCTCTCCCTTCTCCAATGAGGGAGCCACAGAATCCTGAGAAGGTGAATGTGCCCTAACCTG
>ENSG00000177105(RHOG)	3070	GGCTCTCAGCCATCTCTAACCTCTGCCCTCGCTGCTCTTGGAATTGCGCCCCCAAGATGCTCTCTCCCTTCTCCAATGAGGGAGCCACAGAATCCTGAGAA
>ENSG00000177105(RHOG)	7030	GAATTGCGCCCCCAAGATGCTCTCTCCCTTCTCCAATGAGGGAGCCACAGAATCCTGAGAAGGTGAATGTGCCCTAACCTGCTCCTCTGTGCCTAGGCCTT
>ENSG00000167323(STIM1)	5050	GGCACGGGACTGGGCGGGGGCGCTGACCTCGGCCTAGGAGGCCCAGGATCCCGGAGACGCCCGCGCCCTCAGGACCCTGCGGGTCGCACGCCCTCCCCAGC
>ENSG00000167323(STIM1)	3070	CGCTGACCTCGGCCTAGGAGGCCCAGGATCCCGGAGACGCCCGCGCCCTCAGGACCCTGCGGGTCGCACGCCCTCCCCAGCTTCTGCTGCTCGCCGCTCTT
>ENSG00000167323(STIM1)	7030	TGGGCACCGCCAGCCGCCTGGGCACGGGACTGGGCGGGGGCGCTGACCTCGGCCTAGGAGGCCCAGGATCCCGGAGACGCCCGCGCCCTCAGGACCCTGCG
>ENSG00000074319(TSG101)	5050	AAAAAAATTGTTTTTAGCTTCCTACATGCCAGGCATGCCAGGTGGAATCTCTCCATACCCATCCGGATACCCTCCCAATCCCAGGTAATGAAAAACGTTCT
>ENSG00000074319(TSG101)	3070	TATATTATTTTTACAATGTGAAAAAAATTGTTTTTAGCTTCCTACATGCCAGGCATGCCAGGTGGAATCTCTCCATACCCATCCGGATACCCTCCCAATCC
>ENSG00000074319(TSG101)	7030	CCTACATGCCAGGCATGCCAGGTGGAATCTCTCCATACCCATCCGGATACCCTCCCAATCCCAGGTAATGAAAAACGTTCTTTTGAATAATTGTATTACAA
>ENSG00000213619(NDUFS3)	5050	TTAGAGGTCTGTATCCATCCTGATGGCGTCATCCCAGTGCTGACTTTCCTCAGGGATCACACCAATGCACAGTTCAAATCTCTGGTTGACTTGACAGCAGT
>ENSG00000213619(NDUFS3)	3070	TGATGGCGTCATCCCAGTGCTGACTTTCCTCAGGGATCACACCAATGCACAGTTCAAATCTCTGGTTGACTTGACAGCAGTGGACGTCCCAACTCGGCAAA
>ENSG00000213619(NDUFS3)	7030	AGGTGTCCTGCTTCAATGAGTTAGAGGTCTGTATCCATCCTGATGGCGTCATCCCAGTGCTGACTTTCCTCAGGGATCACACCAATGCACAGTTCAAATCT
>ENSG00000110104(CCDC86)	5050	CAGACACAGCACCTCAGGCCGCTGCTCAGATGCCTCTGCTGGAGCTGGCACTCCAAACCCATGGCTCCAGAACAGGGACCCCCACCCCGACCGGGGCTCCT
>ENSG00000110104(CCDC86)	3070	GCTGCTCAGATGCCTCTGCTGGAGCTGGCACTCCAAACCCATGGCTCCAGAACAGGGACCCCCACCCCGACCGGGGCTCCTCGGCCTTTGAAGGCTTCCAG
>ENSG00000110104(CCDC86)	7030	TCCATGGCCAACAACCATGTCAGACACAGCACCTCAGGCCGCTGCTCAGATGCCTCTGCTGGAGCTGGCACTCCAAACCCATGGCTCCAGAACAGGGACCC
>ENSG00000089597(GANAB)	5050	CGCTGGATGTCAGAGACTGGCATCATTGACGTCTTCCTGCTGCTGGGGCCCTCCATCTCTGATGTTTTCCGGCAATATGCTAGTCTCACAGGTACATGGTT
>ENSG00000089597(GANAB)	3070	AGACCCCACAGACAGATGTTCGCTGGATGTCAGAGACTGGCATCATTGACGTCTTCCTGCTGCTGGGGCCCTCCATCTCTGATGTTTTCCGGCAATATGCT
>ENSG00000089597(GANAB)	7030	CATCATTGACGTCTTCCTGCTGCTGGGGCCCTCCATCTCTGATGTTTTCCGGCAATATGCTAGTCTCACAGGTACATGGTTTTCCCTGCCTCATTCTTCTG
>ENSG00000110583(NAA40)	5050	CTGCCGTGGCCCAGCCGGGCCATAGCTCAGGCTGCAGCAGAAATGCCTCTCAGTGGCCAACAGTTGCTTTTCTCTCTGGTGTCACCCTGTGGCAACAGGCT
>ENSG00000110583(NAA40)	3070	CATAGCTCAGGCTGCAGCAGAAATGCCTCTCAGTGGCCAACAGTTGCTTTTCTCTCTGGTGTCACCCTGTGGCAACAGGCTGGAGCAGGGGAAGGAGAAAG
>ENSG00000110583(NAA40)	7030	TCAGTGAGGCACTAGTGCCACTGCCGTGGCCCAGCCGGGCCATAGCTCAGGCTGCAGCAGAAATGCCTCTCAGTGGCCAACAGTTGCTTTTCTCTCTGGTG
>ENSG00000175634(RPS6KB2)	5050	CTTGTTTCTGCAGCTTCTACCTGGCTGAGATCACGCTGGCCCTGGGCCATCTCCACTCCCAGGGCATCATCTACCGGGACCTCAAGCCCGAGAACATCATG
>ENSG00000175634(RPS6KB2)	3070	CTGGCTGAGATCACGCTGGCCCTGGGCCATCTCCACTCCCAGGGCATCATCTACCGGGACCTCAAGCCCGAGAACATCATGCTCAGCAGCCAGGGTGCGCA
>ENSG00000175634(RPS6KB2)	7030	TACTCCCGCCTTCACCCTGTCTTGTTTCTGCAGCTTCTACCTGGCTGAGATCACGCTGGCCCTGGGCCATCTCCACTCCCAGGGCATCATCTACCGGGACC
>ENSG00000172893(DHCR7)	5050	CAAGAGCGTGTTCTGCCAGGTCCATGGGGGCTGGCATCCCAGCTCCAACTCGAGGAGCCTCAGTTTCCTCATCTGTAAACTGGAGAGAGCCCAGCACTTGG
>ENSG00000172893(DHCR7)	3070	GAGAAGCCCTGTGGGGCTGTCAAGAGCGTGTTCTGCCAGGTCCATGGGGGCTGGCATCCCAGCTCCAACTCGAGGAGCCTCAGTTTCCTCATCTGTAAACT
>ENSG00000172893(DHCR7)	7030	TCCATGGGGGCTGGCATCCCAGCTCCAACTCGAGGAGCCTCAGTTTCCTCATCTGTAAACTGGAGAGAGCCCAGCACTTGGCAGGTGTCCAGTACCTAATC
>ENSG00000076706(MCAM)	5050	CCTGCCTGGACCATTCCCAGCTCCCTGCTCACTCTTCTCTCAGCCAAAGCCTCCAAAGGGACTAGAGAGAAGCCTCCTGCTCCCCTCGCCTGCACACCCCC
>ENSG00000076706(MCAM)	3070	GAATCACTTCAGCTCCCTTCCCTGCCTGGACCATTCCCAGCTCCCTGCTCACTCTTCTCTCAGCCAAAGCCTCCAAAGGGACTAGAGAGAAGCCTCCTGCT
>ENSG00000076706(MCAM)	7030	CTCCCTGCTCACTCTTCTCTCAGCCAAAGCCTCCAAAGGGACTAGAGAGAAGCCTCCTGCTCCCCTCGCCTGCACACCCCCTTTCAGAGGGCCACTGGGTT
>ENSG00000084234(APLP2)	5050	TAGTCTCTGGATATTAAAACAACTGTTCTCTCTTGCAGCCTCATCGCATTCTCCAGGCCTTACGGCGTTATGTCCGTGCTGAGAACAAAGATCGCTTACAT
>ENSG00000084234(APLP2)	3070	AACTGTTCTCTCTTGCAGCCTCATCGCATTCTCCAGGCCTTACGGCGTTATGTCCGTGCTGAGAACAAAGATCGCTTACATACCATCCGTCATTACCAGCA
>ENSG00000084234(APLP2)	7030	CCTGCCTATTTTCAATTCTCTAGTCTCTGGATATTAAAACAACTGTTCTCTCTTGCAGCCTCATCGCATTCTCCAGGCCTTACGGCGTTATGTCCGTGCTG
>ENSG00000089693(MLF2)	5050	GCATTGAAGGGTCAATGCATTTTGGGGTGAGCTCTGGGTTTAGGGGCCCCCTCCATCCCTCAGCTACCCTGGATCTTTGCCCACCTCTTCCTCAGAGCCCC
>ENSG00000089693(MLF2)	3070	TCCCATCCTACTCCTGCCATGCATTGAAGGGTCAATGCATTTTGGGGTGAGCTCTGGGTTTAGGGGCCCCCTCCATCCCTCAGCTACCCTGGATCTTTGCC
>ENSG00000089693(MLF2)	7030	TTTGGGGTGAGCTCTGGGTTTAGGGGCCCCCTCCATCCCTCAGCTACCCTGGATCTTTGCCCACCTCTTCCTCAGAGCCCCCACTGAGGGGCCGTAGCCCT
>ENSG00000111665(CDCA3)	5050	CAGTTATCTGTTGAGGAACAGATGCCACCTTGGAACCAGACTGAGTTCCCCTCCAAACAGGTGTTTTCCAAGGAGGAAGCAAGACAGCCCACAGAAACCCC
>ENSG00000111665(CDCA3)	3070	TGGACTTGCCTCTGGGTACCCAGTTATCTGTTGAGGAACAGATGCCACCTTGGAACCAGACTGAGTTCCCCTCCAAACAGGTGTTTTCCAAGGAGGAAGCA
>ENSG00000111665(CDCA3)	7030	GATGCCACCTTGGAACCAGACTGAGTTCCCCTCCAAACAGGTGTTTTCCAAGGAGGAAGCAAGACAGCCCACAGAAACCCCTGTGGCCAGCCAGAGCTCCG
>ENSG00000111669(TPI1)	5050	CTGCGCGCAGACACTGACCTTCAGCGCCTCGGCTCCAGCGCCATGGCGCCCTCCAGGAAGTTCTTCGTTGGGGGAAACTGGAAGATGAACGGGCGGAAGCA
>ENSG00000111669(TPI1)	3070	TCAGCGCCTCGGCTCCAGCGCCATGGCGCCCTCCAGGAAGTTCTTCGTTGGGGGAAACTGGAAGATGAACGGGCGGAAGCAGAGTCTGGGGGAGCTCATCG
>ENSG00000111669(TPI1)	7030	TAAGTGGGCAGTGGCCGCGACTGCGCGCAGACACTGACCTTCAGCGCCTCGGCTCCAGCGCCATGGCGCCCTCCAGGAAGTTCTTCGTTGGGGGAAACTGG
>ENSG00000182326(C1S)	5050	GGAAAATAGCACCCCCCGTGAGGACTAATCCAGATACATCCCACCAGCCTCTCCAAGGGTGGTGACCAATGCATTACCTTCTGTTCCTTATGATATTCTCA
>ENSG00000182326(C1S)	3070	AGGACTAATCCAGATACATCCCACCAGCCTCTCCAAGGGTGGTGACCAATGCATTACCTTCTGTTCCTTATGATATTCTCATTATTTCATCATGACTGAAA
>ENSG00000182326(C1S)	7030	TGGATAATGAAGACTATGCAGGAAAATAGCACCCCCCGTGAGGACTAATCCAGATACATCCCACCAGCCTCTCCAAGGGTGGTGACCAATGCATTACCTTC
>ENSG00000111371(SLC38A1)	5050	CACAAAGGACATCAAACTGCCGAGGGTAAAAACCCCGGAAGGGCGGACACCTCCACATCGCCTTTTGCCACCTTTCCCTTTATTTCCGGAGGTAAGGTGAT
>ENSG00000111371(SLC38A1)	3070	CCTCCGCAGCCAGACCTTGACACAAAGGACATCAAACTGCCGAGGGTAAAAACCCCGGAAGGGCGGACACCTCCACATCGCCTTTTGCCACCTTTCCCTTT
>ENSG00000111371(SLC38A1)	7030	CGAGGGTAAAAACCCCGGAAGGGCGGACACCTCCACATCGCCTTTTGCCACCTTTCCCTTTATTTCCGGAGGTAAGGTGATTATCCGTTCCCGGGGAGGGC
>ENSG00000167779(IGFBP6)	5050	CCGAGGTCCCTGCTGGTGTGTGGATCGGATGGGCAAGTCCCTGCCAGGGTCTCCAGATGGCAATGGAAGCTCCTCCTGCCCCACTGGGAGTAGCGGCTAAA
>ENSG00000167779(IGFBP6)	3070	TGGATCGGATGGGCAAGTCCCTGCCAGGGTCTCCAGATGGCAATGGAAGCTCCTCCTGCCCCACTGGGAGTAGCGGCTAAAGCTGGGGGATAGAGGGGCTG
>ENSG00000167779(IGFBP6)	7030	CGCTCCTCCCAGGGGCAGCGCCGAGGTCCCTGCTGGTGTGTGGATCGGATGGGCAAGTCCCTGCCAGGGTCTCCAGATGGCAATGGAAGCTCCTCCTGCCC
>ENSG00000111481(COPZ1)	5050	AAAACCTTCCTGAGACTTAAGCATTCTGCCCCACTTACTAACTGCCAGTTCTCCAGCACTGAGGTGGGGCAGATAACGGGGCATATTTAAGGGGGCATCTT
>ENSG00000111481(COPZ1)	3070	GCATTCTGCCCCACTTACTAACTGCCAGTTCTCCAGCACTGAGGTGGGGCAGATAACGGGGCATATTTAAGGGGGCATCTTTGTGTAAAAGATGCATGGAG
>ENSG00000111481(COPZ1)	7030	TCCCCACAAAAATGCCTTTAAAAACCTTCCTGAGACTTAAGCATTCTGCCCCACTTACTAACTGCCAGTTCTCCAGCACTGAGGTGGGGCAGATAACGGGG
>ENSG00000253719(ATXN7L3B)	5050	CTTCTTGACAACAGGAGCAGTCCTTTTATTGTTAGAAGTCAGAGAAAGACCTCCAGAATCTCCTGACTTTAGGGAATGGTATAGGGGAAGATGGGAAGTAA
>ENSG00000253719(ATXN7L3B)	3070	TCCTTTTATTGTTAGAAGTCAGAGAAAGACCTCCAGAATCTCCTGACTTTAGGGAATGGTATAGGGGAAGATGGGAAGTAAGAGTCACATATCAAAACTAC
>ENSG00000253719(ATXN7L3B)	7030	CCACTCGGTCCCCTTTGGATCTTCTTGACAACAGGAGCAGTCCTTTTATTGTTAGAAGTCAGAGAAAGACCTCCAGAATCTCCTGACTTTAGGGAATGGTA
>ENSG00000177425(PAWR)	5050	TCCCCGGTCCCGGGGGCGTGAACTGCGCGGTCGGCTCCGCCATGCTGACGCGGGCGGCCCCCGGCCCGCGGCGGTCGGAGGACGAGCCCCCAGCCGCCTCT
>ENSG00000177425(PAWR)	3070	CGCGCCGGCCGCACCTGCCGTCCCCGGTCCCGGGGGCGTGAACTGCGCGGTCGGCTCCGCCATGCTGACGCGGGCGGCCCCCGGCCCGCGGCGGTCGGAGG
>ENSG00000177425(PAWR)	7030	AACTGCGCGGTCGGCTCCGCCATGCTGACGCGGGCGGCCCCCGGCCCGCGGCGGTCGGAGGACGAGCCCCCAGCCGCCTCTGCCTCGGCTGCACCGCCGCC
>ENSG00000089154(GCN1)	5050	CAGGCTGTGATCCTCTCCGTAGAGGATGACACAGGGCACCGGATCATCATCGAGGATCTGCTGGAGGCCACCCGCAGCCCTGAGGTGGGCATGAGGCAAGC
>ENSG00000089154(GCN1)	3070	TGCAGGAGATGGCCAATTGTCAGGCTGTGATCCTCTCCGTAGAGGATGACACAGGGCACCGGATCATCATCGAGGATCTGCTGGAGGCCACCCGCAGCCCT
>ENSG00000089154(GCN1)	7030	AGAGGATGACACAGGGCACCGGATCATCATCGAGGATCTGCTGGAGGCCACCCGCAGCCCTGAGGTGGGCATGAGGCAAGCTGCTGCCATCATCCTCAACA
>ENSG00000150990(DHX37)	5050	GGATGCGCCTAGCTGGGCTGGGGCCACACGACTATTATGTTGGCCTTGAACGGGGACTGCAGAGCCCTCAGTTTGTCTCCCTTGTTCCTCTGTGGCTGAGG
>ENSG00000150990(DHX37)	3070	CACCGCTGCCATGCCGCAGAGGATGCGCCTAGCTGGGCTGGGGCCACACGACTATTATGTTGGCCTTGAACGGGGACTGCAGAGCCCTCAGTTTGTCTCCC
>ENSG00000150990(DHX37)	7030	GGGCCACACGACTATTATGTTGGCCTTGAACGGGGACTGCAGAGCCCTCAGTTTGTCTCCCTTGTTCCTCTGTGGCTGAGGTGGGAGGGGGAGGGTGGGGT
>ENSG00000112787(FBRSL1)	5050	CAGGACCTCGAACCCGCCTGCGATGGGGCGAGAAAGGTCCCACTGCAGCCCTCCAAGCAGGTGAGCAGGTCCCTCCCCGACCGGAAGCTCTGCGGCGGGTC
>ENSG00000112787(FBRSL1)	3070	CGATGGGGCGAGAAAGGTCCCACTGCAGCCCTCCAAGCAGGTGAGCAGGTCCCTCCCCGACCGGAAGCTCTGCGGCGGGTCAGTGCTCACCGCCCCAGGGC
>ENSG00000112787(FBRSL1)	7030	TGGAGGCAGGCAGCCCCGGGCAGGACCTCGAACCCGCCTGCGATGGGGCGAGAAAGGTCCCACTGCAGCCCTCCAAGCAGGTGAGCAGGTCCCTCCCCGAC
>ENSG00000177084(POLE)	5050	AGCATCTTTTTTGAGGTTGATGGGCCCTACCTTGCCATGATTCTTCCAGCCTCCAAGGAAGAAGGCAAGAAATTGAAGAAGAGGTGGGACTCTCATAGCTT
>ENSG00000177084(POLE)	3070	ACGTCACCCGCTCAGAGAACAGCATCTTTTTTGAGGTTGATGGGCCCTACCTTGCCATGATTCTTCCAGCCTCCAAGGAAGAAGGCAAGAAATTGAAGAAG
>ENSG00000177084(POLE)	7030	TGGGCCCTACCTTGCCATGATTCTTCCAGCCTCCAAGGAAGAAGGCAAGAAATTGAAGAAGAGGTGGGACTCTCATAGCTTTTGTGCTTTAGAAAGGACAT
>ENSG00000122034(GTF3A)	5050	ATTGCAGCCGGCGAGAGCTCAGCTCCGACCCCGCCGCGCCCCGCGCTTCCCAGGAGGTTCATCTGCTCCTTCCCTGACTGCAGCGCCAATTACAGCAAAGC
>ENSG00000122034(GTF3A)	3070	AGCTCCGACCCCGCCGCGCCCCGCGCTTCCCAGGAGGTTCATCTGCTCCTTCCCTGACTGCAGCGCCAATTACAGCAAAGCCTGGAAGCTTGACGCGCACC
>ENSG00000122034(GTF3A)	7030	TGACCATCGCCGACGCGTTCATTGCAGCCGGCGAGAGCTCAGCTCCGACCCCGCCGCGCCCCGCGCTTCCCAGGAGGTTCATCTGCTCCTTCCCTGACTGC
>ENSG00000136143(SUCLA2)	5050	AAAAGCTGTTTCTTCACAAATGATTGGGAAAAAATTGTTTACCAAGCAAACGGGAGAAAAGGGCAGAATATGCAATCAAGTATTGGTCTGTGAGCGAAAAT
>ENSG00000136143(SUCLA2)	3070	TATTTTAGTCCAGAAGAAGCAAAAGCTGTTTCTTCACAAATGATTGGGAAAAAATTGTTTACCAAGCAAACGGGAGAAAAGGGCAGAATATGCAATCAAGT
>ENSG00000136143(SUCLA2)	7030	TGATTGGGAAAAAATTGTTTACCAAGCAAACGGGAGAAAAGGGCAGAATATGCAATCAAGTATTGGTCTGTGAGCGAAAATATCCCAGGAGAGAATACTAC
>ENSG00000088448(ANKRD10)	5050	ATGGGCATCATTTTAAAAAGCTTGCTTCCACTCTTTTCTGTAGAATTTGACGGAACACAGCTATTTCCCTATGCAAGGTACAGCCTTACAAAGATTTCTGC
>ENSG00000088448(ANKRD10)	3070	GGTAATTTATCTCTTTGCACATGGGCATCATTTTAAAAAGCTTGCTTCCACTCTTTTCTGTAGAATTTGACGGAACACAGCTATTTCCCTATGCAAGGTAC
>ENSG00000088448(ANKRD10)	7030	CTTGCTTCCACTCTTTTCTGTAGAATTTGACGGAACACAGCTATTTCCCTATGCAAGGTACAGCCTTACAAAGATTTCTGCAGTGATTTGTGTGAAGAAGA
>ENSG00000100612(DHRS7)	5050	CCCTTGACCTGACCGACACTGGTTCCCATGAAGCGGCTACCAAAGCTGTTCTCCAGGAGTTTGGTAGAGTAAGTAGCATCTTATATTGATATAGTCTTGCT
>ENSG00000100612(DHRS7)	3070	AAAAGATATACTTGTTTTGCCCCTTGACCTGACCGACACTGGTTCCCATGAAGCGGCTACCAAAGCTGTTCTCCAGGAGTTTGGTAGAGTAAGTAGCATCT
>ENSG00000100612(DHRS7)	7030	GGTTCCCATGAAGCGGCTACCAAAGCTGTTCTCCAGGAGTTTGGTAGAGTAAGTAGCATCTTATATTGATATAGTCTTGCTTTGAAGTAACTGCAGAAGAG
>ENSG00000072042(RDH11)	5050	TTGAGGGCAAGCACCCAGGACTGATGAGGTCTTAACAAAAACCAGTGTGGCAAAAAAAAAAAAAAAAAAAAAAAAAAAAATCCTAAAAACAAACAAACAAA
>ENSG00000072042(RDH11)	3070	CTAACATAGCTATGGAGGAATTGAGGGCAAGCACCCAGGACTGATGAGGTCTTAACAAAAACCAGTGTGGCAAAAAAAAAAAAAAAAAAAAAAAAAAAAAT
>ENSG00000072042(RDH11)	7030	CTGATGAGGTCTTAACAAAAACCAGTGTGGCAAAAAAAAAAAAAAAAAAAAAAAAAAAAATCCTAAAAACAAACAAACAAAAAAAACAATTCTTCATTCAG
>ENSG00000197102(DYNC1H1)	5050	CTGGAGCACATCATGGACCTAACACGCCTGCGCTGCCTGGGCTCGCTCTTCTCCATGCTGCACCAGGCCTGCCGCAACGTGGCGCAGTATAACGCCAACCA
>ENSG00000197102(DYNC1H1)	3070	AACACGCCTGCGCTGCCTGGGCTCGCTCTTCTCCATGCTGCACCAGGCCTGCCGCAACGTGGCGCAGTATAACGCCAACCATCCCGACTTCCCCATGCAGA
>ENSG00000197102(DYNC1H1)	7030	CGCTAGAGCACGCCTTCCAGCTGGAGCACATCATGGACCTAACACGCCTGCGCTGCCTGGGCTCGCTCTTCTCCATGCTGCACCAGGCCTGCCGCAACGTG
>ENSG00000166165(CKB)	5050	GTCTCCCCAGGCGGTGTGGACACGGCTGCGGTGGGCGGGGTCTTCGACGTCTCCAACGCTGACCGCCTGGGCTTCTCAGAGGTGGAGCTGGTGCAGATGGT
>ENSG00000166165(CKB)	3070	TTCCTCCGCCCTGACTTGCTGTCTCCCCAGGCGGTGTGGACACGGCTGCGGTGGGCGGGGTCTTCGACGTCTCCAACGCTGACCGCCTGGGCTTCTCAGAG
>ENSG00000166165(CKB)	7030	CACGGCTGCGGTGGGCGGGGTCTTCGACGTCTCCAACGCTGACCGCCTGGGCTTCTCAGAGGTGGAGCTGGTGCAGATGGTGGTGGACGGAGTGAAGCTGC
>ENSG00000256500	5050	TTGTCATATGTTAATCCAATTTACTTTGTTAAAGGTCTCAAGATTCTGCCCTCCAAGAAAGTCTTGCCATGATTGGATAGGACCCCCAGATAAATATTCAA
>ENSG00000256500	3070	TTACTTTGTTAAAGGTCTCAAGATTCTGCCCTCCAAGAAAGTCTTGCCATGATTGGATAGGACCCCCAGATAAATATTCAAACCTTCGACCTGTTCACTTT
>ENSG00000256500	7030	TATAATACTAGAGATTCATTTTGTCATATGTTAATCCAATTTACTTTGTTAAAGGTCTCAAGATTCTGCCCTCCAAGAAAGTCTTGCCATGATTGGATAGG
>ENSG00000066735(KIF26A)	5050	AGCCTGCGGCGCGACAGCGAGGCCACCGGCAGCGCCTCCTCCGCCCCTGACTCCATGAGCGAGAGTGGGGCTGCCTCCCCAGGCGCCCGCACCCGCAGCCT
>ENSG00000066735(KIF26A)	3070	GGCCACCGGCAGCGCCTCCTCCGCCCCTGACTCCATGAGCGAGAGTGGGGCTGCCTCCCCAGGCGCCCGCACCCGCAGCCTCAAGTCCCCCAAGAAGAGGG
>ENSG00000066735(KIF26A)	7030	GTGGCAGCAGTGGCTATGAGAGCCTGCGGCGCGACAGCGAGGCCACCGGCAGCGCCTCCTCCGCCCCTGACTCCATGAGCGAGAGTGGGGCTGCCTCCCCA
>ENSG00000103966(EHD4)	5050	CCTGGGTTTGGAAGGGGGATGCACTGTGGATCTGCCATCCATTCTGCAGTCTCCAGCAGAGCAGGCAGTCAGGCCCCAGCGTGCCTCCATCCCAGTGCCCC
>ENSG00000103966(EHD4)	3070	AGAGAAGGCGACAGATGCCTCCTGGGTTTGGAAGGGGGATGCACTGTGGATCTGCCATCCATTCTGCAGTCTCCAGCAGAGCAGGCAGTCAGGCCCCAGCG
>ENSG00000103966(EHD4)	7030	GCACTGTGGATCTGCCATCCATTCTGCAGTCTCCAGCAGAGCAGGCAGTCAGGCCCCAGCGTGCCTCCATCCCAGTGCCCCGATGACCATCTGGTCAGCCC
>ENSG00000090487(SPG21)	5050	CACTGTGTCTGGGAAGTAGGACTGATGGTCATCTTCATGACAGGCGGCATCTCCACTAAGCCTGTGTAACTGTTCCCTCTTTGGTTTTCTTAGCTTTTGAA
>ENSG00000090487(SPG21)	3070	TCGTCAGGCTCACCGGTTCTCACTGTGTCTGGGAAGTAGGACTGATGGTCATCTTCATGACAGGCGGCATCTCCACTAAGCCTGTGTAACTGTTCCCTCTT
>ENSG00000090487(SPG21)	7030	ACTGATGGTCATCTTCATGACAGGCGGCATCTCCACTAAGCCTGTGTAACTGTTCCCTCTTTGGTTTTCTTAGCTTTTGAATTTGAAGAAGTACTTTTGAA
>ENSG00000075131(TIPIN)	5050	ATCGTGGTTTGTTTCACCAGAGTCAGGAAATGGAGCACCTGTTCGTGTACCTCCAAAGAGAACAGTTAAAAGAAATATACCCAAGCTGGATGCTCAGAGGT
>ENSG00000075131(TIPIN)	3070	TTTAAGTACAGTAATACTGAATCGTGGTTTGTTTCACCAGAGTCAGGAAATGGAGCACCTGTTCGTGTACCTCCAAAGAGAACAGTTAAAAGAAATATACC
>ENSG00000075131(TIPIN)	7030	AGTCAGGAAATGGAGCACCTGTTCGTGTACCTCCAAAGAGAACAGTTAAAAGAAATATACCCAAGCTGGATGCTCAGAGGTACATTTACTATATTCTTATA
>ENSG00000138629(UBL7)	5050	GCAGGCAGTGCCCCAATGCCTGGGACTGACTCCTCTTCCCGGAGCATGCCCTCCAGCTCATACCGGGATATGCCAGGTGAGCGCCTGAAAAGTGTAATGTG
>ENSG00000138629(UBL7)	3070	TCCTGGTTCTGCACTCCGTAGCAGGCAGTGCCCCAATGCCTGGGACTGACTCCTCTTCCCGGAGCATGCCCTCCAGCTCATACCGGGATATGCCAGGTGAG
>ENSG00000138629(UBL7)	7030	TGGGACTGACTCCTCTTCCCGGAGCATGCCCTCCAGCTCATACCGGGATATGCCAGGTGAGCGCCTGAAAAGTGTAATGTGGGCCCCTCAGGAGCCGGCAG
>ENSG00000140391(TSPAN3)	5050	GCAGAGAGACTGCCAGCAATTGTAATGGCAGCCTGGCCCACCCTTCCGACCTCTATGCTGAGGTGAGTCTCTTGGCCACGACTTGAGTCTAGCTTGATTAA
>ENSG00000140391(TSPAN3)	3070	GAGTGTCCCTCTTAGCTGCTGCAGAGAGACTGCCAGCAATTGTAATGGCAGCCTGGCCCACCCTTCCGACCTCTATGCTGAGGTGAGTCTCTTGGCCACGA
>ENSG00000140391(TSPAN3)	7030	TGTAATGGCAGCCTGGCCCACCCTTCCGACCTCTATGCTGAGGTGAGTCTCTTGGCCACGACTTGAGTCTAGCTTGATTAACCTGTTTTTCACCATGTCTT
>ENSG00000166503(HDGFL3)	5050	GCGCCGAACGGCCGGGGGCTCCCCTCCCCCGCTGCCGGGCCGTGATTTGCCGGGCCTGCTGCGCCCCCCGCCCACCCCTTGCCTCAGCCGCCGCCTCGCCG
>ENSG00000166503(HDGFL3)	3070	GCGCGGCCGGACGCGGGCGAGCGCCGAACGGCCGGGGGCTCCCCTCCCCCGCTGCCGGGCCGTGATTTGCCGGGCCTGCTGCGCCCCCCGCCCACCCCTTG
>ENSG00000166503(HDGFL3)	7030	CCCCTCCCCCGCTGCCGGGCCGTGATTTGCCGGGCCTGCTGCGCCCCCCGCCCACCCCTTGCCTCAGCCGCCGCCTCGCCGCTTCCCCTCGTCGGAGCGGC
>ENSG00000140564(FURIN)	5050	CCAGGCAGTCGGGGGCTGGCCTAGGAGATATCTGAGGGAGGAGGCCACCTCTCCAAGGGCTTCTGCACCCTCCACCCTGTCCCCCAGCTCTGGTGAGTCTT
>ENSG00000140564(FURIN)	3070	CTAGGAGATATCTGAGGGAGGAGGCCACCTCTCCAAGGGCTTCTGCACCCTCCACCCTGTCCCCCAGCTCTGGTGAGTCTTGGCGGCAGCAGCCATCATAG
>ENSG00000140564(FURIN)	7030	TAAAGCAATAATGGTCCCATCCAGGCAGTCGGGGGCTGGCCTAGGAGATATCTGAGGGAGGAGGCCACCTCTCCAAGGGCTTCTGCACCCTCCACCCTGTC
>ENSG00000103152(MPG)	5050	AAAGGCACCGCCAGCCGTGTCCTCAAGGACCGCGAGCTCTGCAGTGGCCCCTCCAAGCTGTGCCAGGCCCTGGCCATCAACAAGAGCTTTGACCAGAGGGA
>ENSG00000103152(MPG)	3070	CCTCAAGGACCGCGAGCTCTGCAGTGGCCCCTCCAAGCTGTGCCAGGCCCTGGCCATCAACAAGAGCTTTGACCAGAGGGACCTGGCACAGGATGAAGCTG
>ENSG00000103152(MPG)	7030	AGCTTCGCAGCACCCTCCGGAAAGGCACCGCCAGCCGTGTCCTCAAGGACCGCGAGCTCTGCAGTGGCCCCTCCAAGCTGTGCCAGGCCCTGGCCATCAAC
>ENSG00000161996(WDR90)	5050	CAGGCTGCTCTTCACGGCCGCCCGCAACGAGATCCTTGTGTGGGAGGTCCCCGGCCTCTGAGATGCAGCAGGGACTGTGGTGGTGGGCATCACGCCTGGTC
>ENSG00000161996(WDR90)	3070	CCCGCAACGAGATCCTTGTGTGGGAGGTCCCCGGCCTCTGAGATGCAGCAGGGACTGTGGTGGTGGGCATCACGCCTGGTCATGCCAGGCACCTGGACACA
>ENSG00000161996(WDR90)	7030	TGCAGGTTTACACCGTCCGCCAGGCTGCTCTTCACGGCCGCCCGCAACGAGATCCTTGTGTGGGAGGTCCCCGGCCTCTGAGATGCAGCAGGGACTGTGGT
>ENSG00000103266(STUB1)	5050	AGCCCCCGTTCCCCAGCTTACAGCCTGGCCAAGGAGCAGCGGCTGAACTTCGGGGACGACATCCCCAGCGCTCTTCGAATCGCGAAGAAGAAGCGCTGGAA
>ENSG00000103266(STUB1)	3070	CAGCCTGGCCAAGGAGCAGCGGCTGAACTTCGGGGACGACATCCCCAGCGCTCTTCGAATCGCGAAGAAGAAGCGCTGGAACAGCATTGAGGAGCGGCGCA
>ENSG00000103266(STUB1)	7030	CTGGCCAGAGAGTGACGTGAAGCCCCCGTTCCCCAGCTTACAGCCTGGCCAAGGAGCAGCGGCTGAACTTCGGGGACGACATCCCCAGCGCTCTTCGAATC
>ENSG00000007376(RPUSD1)	5050	CTCAGACTCTGGACTCTGTCCCACTCCAGGTTCTGCCACCAGCTGGATTTCTCCACCAGCGGGGCGCTGTGCGTGGCCCTAAACAAGGCAGCCGCCGGCAG
>ENSG00000007376(RPUSD1)	3070	GCGTCTGTGGAGGAAAGTGGCTCAGACTCTGGACTCTGTCCCACTCCAGGTTCTGCCACCAGCTGGATTTCTCCACCAGCGGGGCGCTGTGCGTGGCCCTA
>ENSG00000007376(RPUSD1)	7030	CCACTCCAGGTTCTGCCACCAGCTGGATTTCTCCACCAGCGGGGCGCTGTGCGTGGCCCTAAACAAGGCAGCCGCCGGCAGCGCGTACAGGTGCTTCAAGG
>ENSG00000131653(TRAF7)	5050	CGAACCCTTGACTGCATCCACGTCCTGCAGACGTCTGGTGGCAGCGTCTACTCCATTGCTGTGACAAATCACCACATTGTCTGTGGCACCTACGAGAACCT
>ENSG00000131653(TRAF7)	3070	CGTCCTGCAGACGTCTGGTGGCAGCGTCTACTCCATTGCTGTGACAAATCACCACATTGTCTGTGGCACCTACGAGAACCTCATCCACGTAAGGCCTGGGC
>ENSG00000131653(TRAF7)	7030	ACTCATAGATCTGGGACATCCGAACCCTTGACTGCATCCACGTCCTGCAGACGTCTGGTGGCAGCGTCTACTCCATTGCTGTGACAAATCACCACATTGTC
>ENSG00000131653(TRAF7)	5050	TGAACCAGCCCTGGACCTTTCTGAGCCAGGCTGGCCACATGGGGTGGTCTCGGGGTTTCTGCCTGCCCCGTGGGCATAGGTGGACAGGCTCTGGCAGCCGG
>ENSG00000131653(TRAF7)	3070	CTGAGCCAGGCTGGCCACATGGGGTGGTCTCGGGGTTTCTGCCTGCCCCGTGGGCATAGGTGGACAGGCTCTGGCAGCCGGGCAGTGCCCTCCCCGTCCCA
>ENSG00000131653(TRAF7)	7030	GGCCAGGCTGTGGTTTCCCCTGAACCAGCCCTGGACCTTTCTGAGCCAGGCTGGCCACATGGGGTGGTCTCGGGGTTTCTGCCTGCCCCGTGGGCATAGGT
>ENSG00000162076(FLYWCH2)	5050	AAGCCAGGCACAGAAGTCATCCCGGCAGCCCCCAGGAAGCCCAGAAAGTTCTCCAAACTGGTCCTGCTCACAGCCTCCAAAGACAGCACCAAGGTGGCGGG
>ENSG00000162076(FLYWCH2)	3070	CCCGGCAGCCCCCAGGAAGCCCAGAAAGTTCTCCAAACTGGTCCTGCTCACAGCCTCCAAAGACAGCACCAAGGTGGCGGGGGCCAAGCGCAAGGGTGTGC
>ENSG00000162076(FLYWCH2)	7030	CCAGCCAGGAGCCATCCCCCAAGCCAGGCACAGAAGTCATCCCGGCAGCCCCCAGGAAGCCCAGAAAGTTCTCCAAACTGGTCCTGCTCACAGCCTCCAAA
>ENSG00000103222(ABCC1)	5050	GGTTGTATAGAAGATCCTAGTGACCAAATTCAGCCTACTGCCTCGGATCTCTCCAGCCGAAGTCTGTGGACTGCAAGTCTTTGAGATGCTTCTGGCTCCCA
>ENSG00000103222(ABCC1)	3070	TGACCAAATTCAGCCTACTGCCTCGGATCTCTCCAGCCGAAGTCTGTGGACTGCAAGTCTTTGAGATGCTTCTGGCTCCCATCACCTCTAACATCCTTGTC
>ENSG00000103222(ABCC1)	7030	GCCAGACTTCTGGAGGAATTGGTTGTATAGAAGATCCTAGTGACCAAATTCAGCCTACTGCCTCGGATCTCTCCAGCCGAAGTCTGTGGACTGCAAGTCTT
>ENSG00000174938(SEZ6L2)	5050	CGGACATGGACGATGTCCCCGAGCGGGGTCTCATCAGTGACGCCCAGTCCCTCTACGTGGAGCTGCTGTCAGAGACACCTGCCAATCCCCTGCTGTTAAGC
>ENSG00000174938(SEZ6L2)	3070	ATCCCCCGTGATCTATGATTCGGACATGGACGATGTCCCCGAGCGGGGTCTCATCAGTGACGCCCAGTCCCTCTACGTGGAGCTGCTGTCAGAGACACCTG
>ENSG00000174938(SEZ6L2)	7030	GAGCGGGGTCTCATCAGTGACGCCCAGTCCCTCTACGTGGAGCTGCTGTCAGAGACACCTGCCAATCCCCTGCTGTTAAGCCTTCGATTTGAAGGTAAGTG
>ENSG00000102882(MAPK3)	5050	CTGAATTGTATCATCAACATGAAGGCCCGAAACTACCTACAGTCTCTGCCCTCCAAGACCAAGGTGGCTTGGGCCAAGCTTTTCCCCAAGTCAGACTCCAA
>ENSG00000102882(MAPK3)	3070	GCTCCCCATCCCAGGAGGACCTGAATTGTATCATCAACATGAAGGCCCGAAACTACCTACAGTCTCTGCCCTCCAAGACCAAGGTGGCTTGGGCCAAGCTT
>ENSG00000102882(MAPK3)	7030	GAAGGCCCGAAACTACCTACAGTCTCTGCCCTCCAAGACCAAGGTGGCTTGGGCCAAGCTTTTCCCCAAGTCAGACTCCAAAGGTTCGAGAGACATGAGGG
>ENSG00000125166(GOT2)	5050	GGCCGCACTGCAGAAATGATGTTTTATGAAAACCAATGAGGCTGCTGCCACTCCAGCAAGGGAAATAATGCAGTTTCCTGTCTTATTTAAGAAAAAGAGAA
>ENSG00000125166(GOT2)	3070	TTGGAACAACCTTATCAACAGGCCGCACTGCAGAAATGATGTTTTATGAAAACCAATGAGGCTGCTGCCACTCCAGCAAGGGAAATAATGCAGTTTCCTGT
>ENSG00000125166(GOT2)	7030	GTTTTATGAAAACCAATGAGGCTGCTGCCACTCCAGCAAGGGAAATAATGCAGTTTCCTGTCTTATTTAAGAAAAAGAGAAGGCTCTCTTTTCTCCCTTGT
>ENSG00000159593(NAE1)	5050	ATACTGATATTTTCTTTTATTTGTCTCTCATTTTTAGGACCACAGTCATACTCCATGGATTGTGATCATAGCTAAATATTTAGCACAGTGGTATAGTGAAG
>ENSG00000159593(NAE1)	3070	GGTACAGTGAAGAATTCATAATACTGATATTTTCTTTTATTTGTCTCTCATTTTTAGGACCACAGTCATACTCCATGGATTGTGATCATAGCTAAATATTT
>ENSG00000159593(NAE1)	7030	TTGTCTCTCATTTTTAGGACCACAGTCATACTCCATGGATTGTGATCATAGCTAAATATTTAGCACAGTGGTATAGTGAAGTATGTCCTTTTTTAAAAAAA
>ENSG00000158545(ZC3H18)	5050	TCAGGTGGGAGACTGGGCTCCCCGAAGCCAGAGCGGCAGAGAGGCCAGAACTCCAAAGCCCCTGCAGCCCCGGCTGACAGGTGAGTCCCACCCAGCATGTG
>ENSG00000158545(ZC3H18)	3070	CCCGAAGCCAGAGCGGCAGAGAGGCCAGAACTCCAAAGCCCCTGCAGCCCCGGCTGACAGGTGAGTCCCACCCAGCATGTGCCCTGGGCACACCGAGGGGG
>ENSG00000158545(ZC3H18)	7030	CAGGTTCTCGGGACCGGAAGTCAGGTGGGAGACTGGGCTCCCCGAAGCCAGAGCGGCAGAGAGGCCAGAACTCCAAAGCCCCTGCAGCCCCGGCTGACAGG
>ENSG00000167193(CRK)	5050	CTACAGCAGCTAACTAGAGTCCTAACTAATGGGATCCAGCAGGGCCATTTCTCCAGAGGGCCAGTATCCTATTAGGAGACTCTTGGAATTCTTAGGTTCTA
>ENSG00000167193(CRK)	3070	GGTCGTAGTAGGTCACCCTTCTACAGCAGCTAACTAGAGTCCTAACTAATGGGATCCAGCAGGGCCATTTCTCCAGAGGGCCAGTATCCTATTAGGAGACT
>ENSG00000167193(CRK)	7030	CCTAACTAATGGGATCCAGCAGGGCCATTTCTCCAGAGGGCCAGTATCCTATTAGGAGACTCTTGGAATTCTTAGGTTCTACTCAAGAGTGGAAGGACCAA
>ENSG00000167721(TSR1)	5050	TGGCTAACACGGTGAAACCCCGTCTCTACTAAAAATACAAAAAAAAAAAACAAAAAAAAACTAGCCAGGCATGGTGGCAGGCACCTGTAGTCCCAGCTACT
>ENSG00000167721(TSR1)	3070	TAGGGAGATCAAGACCATCCTGGCTAACACGGTGAAACCCCGTCTCTACTAAAAATACAAAAAAAAAAAACAAAAAAAAACTAGCCAGGCATGGTGGCAGG
>ENSG00000167721(TSR1)	7030	CGTCTCTACTAAAAATACAAAAAAAAAAAACAAAAAAAAACTAGCCAGGCATGGTGGCAGGCACCTGTAGTCCCAGCTACTCGGGAGGCAGAGGCAGGAGA
>ENSG00000181222(POLR2A)	5050	GTCATCACCCCCGACCCCAACCTCTCCATTGACCAGGTTGGCGTGCCCCGCTCCATTGCTGCCAACATGACCTTTGCGGAGATTGTCACCCCCTTCAACAT
>ENSG00000181222(POLR2A)	3070	CCTCTCCATTGACCAGGTTGGCGTGCCCCGCTCCATTGCTGCCAACATGACCTTTGCGGAGATTGTCACCCCCTTCAACATTGACAGGTGTGCCTCCGTTG
>ENSG00000181222(POLR2A)	7030	TGGACTTCTCGGCCCGTACTGTCATCACCCCCGACCCCAACCTCTCCATTGACCAGGTTGGCGTGCCCCGCTCCATTGCTGCCAACATGACCTTTGCGGAG
>ENSG00000065320(NTN1)	5050	ACACGTGCCCAAGGTCATGCTGCAAATTGGTGGCAGGACTGGGGCTCAAACTCCAGAGCCCGACTTTCTGACCAGGGGCCACGCTGGCCCTCACTGCACTC
>ENSG00000065320(NTN1)	3070	TGCAAATTGGTGGCAGGACTGGGGCTCAAACTCCAGAGCCCGACTTTCTGACCAGGGGCCACGCTGGCCCTCACTGCACTCCAGCTCTGCAGCCTACCCGC
>ENSG00000065320(NTN1)	7030	ACCAGCAAGGAGACTGGAGTACACGTGCCCAAGGTCATGCTGCAAATTGGTGGCAGGACTGGGGCTCAAACTCCAGAGCCCGACTTTCTGACCAGGGGCCA
>ENSG00000141027(NCOR1)	5050	AAGGAAATCGACACTGACCCCTACCCAGAGGGAAAGTATCCCAGCGAAGTCTCCAGTGCCTGGGGTGGACCCTGTCGTGAGCCACAGTCCGTTTGATCCCC
>ENSG00000141027(NCOR1)	3070	AACAAGTCTACCAATCATGAAAGGAAATCGACACTGACCCCTACCCAGAGGGAAAGTATCCCAGCGAAGTCTCCAGTGCCTGGGGTGGACCCTGTCGTGAG
>ENSG00000141027(NCOR1)	7030	CTACCCAGAGGGAAAGTATCCCAGCGAAGTCTCCAGTGCCTGGGGTGGACCCTGTCGTGAGCCACAGTCCGTTTGATCCCCATCACAGAGGCAGCACTGCA
>ENSG00000109079(TNFAIP1)	5050	TTGCCCTCCAGGGTGCCAAGACCCTACATATGACAGAACCCTTGGCCCTTCTCCATGCCTGTGGGATCTGTTTCTTTAAAGCACTTTGTACTGTTATTCAG
>ENSG00000109079(TNFAIP1)	3070	ACCCTACATATGACAGAACCCTTGGCCCTTCTCCATGCCTGTGGGATCTGTTTCTTTAAAGCACTTTGTACTGTTATTCAGGAGGTTGATAATCTCCTTGA
>ENSG00000109079(TNFAIP1)	7030	GAGGAAACTGAGCATTTCTTTTGCCCTCCAGGGTGCCAAGACCCTACATATGACAGAACCCTTGGCCCTTCTCCATGCCTGTGGGATCTGTTTCTTTAAAG
>ENSG00000008838(MED24)	5050	GGCATTCCGTAGCATCTCCACTGTCCTTTCCACAGTTTGATGACTTTTCTCGGGACCTGTGTGTCCAGGCATTGCTGGACATCATGGACATGTTTTGTGAC
>ENSG00000008838(MED24)	3070	GAGACCTGGGGGTGGATGGAGGCATTCCGTAGCATCTCCACTGTCCTTTCCACAGTTTGATGACTTTTCTCGGGACCTGTGTGTCCAGGCATTGCTGGACA
>ENSG00000008838(MED24)	7030	CTGTCCTTTCCACAGTTTGATGACTTTTCTCGGGACCTGTGTGTCCAGGCATTGCTGGACATCATGGACATGTTTTGTGACCGTCTGAGGTAAGGGCAGGG
>ENSG00000013306(SLC25A39)	5050	AGGACTGAAGCTTCAAGATGGCTGACCAGGACCCTGCGGGCATCAGCCCCCTCCAGCAAATGGTGGCCTCAGGCACCGGGGCTGTGGTTACCTCTCTCTTC
>ENSG00000013306(SLC25A39)	3070	CTGTTTGAGGTTTGGTTTTCAGGACTGAAGCTTCAAGATGGCTGACCAGGACCCTGCGGGCATCAGCCCCCTCCAGCAAATGGTGGCCTCAGGCACCGGGG
>ENSG00000013306(SLC25A39)	7030	GCTGACCAGGACCCTGCGGGCATCAGCCCCCTCCAGCAAATGGTGGCCTCAGGCACCGGGGCTGTGGTTACCTCTCTCTTCAGTAAGACCTAGGGGAGGTG
>ENSG00000154945(ANKRD40)	5050	ATCTATACACCCACAGCAGAGGATTCAGCCCAGATGCAGAATGGGGGCCCCTCCACACCCCCTGCATCACCCCCTGCAGATGGCTCACCTCCATTGCTTCC
>ENSG00000154945(ANKRD40)	3070	CCAACCCAGCCTTCCCTTTTATCTATACACCCACAGCAGAGGATTCAGCCCAGATGCAGAATGGGGGCCCCTCCACACCCCCTGCATCACCCCCTGCAGAT
>ENSG00000154945(ANKRD40)	7030	GGATTCAGCCCAGATGCAGAATGGGGGCCCCTCCACACCCCCTGCATCACCCCCTGCAGATGGCTCACCTCCATTGCTTCCCCCTGGGGAACCTCCCCTGT
>ENSG00000243678(NME2)	5050	GTGGTCGCACCAGCTCTCTGCTCTCCCAGCGCAGCGCCGCCGCCCGGCCCCTCCAGCTTCCCGGTAAGGCGGTGGGGGCGCATCCCCTGGCGACTCCTCCC
>ENSG00000243678(NME2)	3070	CTCTCCCAGCGCAGCGCCGCCGCCCGGCCCCTCCAGCTTCCCGGTAAGGCGGTGGGGGCGCATCCCCTGGCGACTCCTCCCGTTCCCTCTTCCGCTTGCGC
>ENSG00000243678(NME2)	7030	GCCGCCGGCTCCCGGGTGTGGTGGTCGCACCAGCTCTCTGCTCTCCCAGCGCAGCGCCGCCGCCCGGCCCCTCCAGCTTCCCGGTAAGGCGGTGGGGGCGC
>ENSG00000136450(SRSF1)	5050	CAAAAGGAGGATTGAGGAGGATCAGATCAATAATGGAGGCAATGGTATGACTCCAAGTGCTATTGTCACAGATGAAATTGGCAGTATTGACCTTATACTAA
>ENSG00000136450(SRSF1)	3070	TTCAATCATTTTAGGATTGTCAAAAGGAGGATTGAGGAGGATCAGATCAATAATGGAGGCAATGGTATGACTCCAAGTGCTATTGTCACAGATGAAATTGG
>ENSG00000136450(SRSF1)	7030	ATCAGATCAATAATGGAGGCAATGGTATGACTCCAAGTGCTATTGTCACAGATGAAATTGGCAGTATTGACCTTATACTAAAAGGCAGGGGTTAAAAATGA
>ENSG00000182446(NPLOC4)	5050	CATCACTGCAGGAGACTTCCAGAACAAGCATCCCAACATGTGCCGGCTCTCTCCAGACGGACATTTTGGATCCAAGTTTGTTACTGCAGTGGCTACAGGTA
>ENSG00000182446(NPLOC4)	3070	TTCCTAAGTTCAGAAGAGTGCATCACTGCAGGAGACTTCCAGAACAAGCATCCCAACATGTGCCGGCTCTCTCCAGACGGACATTTTGGATCCAAGTTTGT
>ENSG00000182446(NPLOC4)	7030	AGAACAAGCATCCCAACATGTGCCGGCTCTCTCCAGACGGACATTTTGGATCCAAGTTTGTTACTGCAGTGGCTACAGGTATAACAGGGACAGTATGTACT
>ENSG00000141522(ARHGDIA)	5050	GGGGTGGAGCTGGGGTGTGGGATGCACGGCCTCGTGGGGGCCGGGCCGTCCTCCAGCCCCGCTGCTCCCTGGCCAGCCCCCTTGTCGCTGTCGGTCCCGTC
>ENSG00000141522(ARHGDIA)	3070	ACGTGTGCGTCTGCTGCTCCGGGGTGGAGCTGGGGTGTGGGATGCACGGCCTCGTGGGGGCCGGGCCGTCCTCCAGCCCCGCTGCTCCCTGGCCAGCCCCC
>ENSG00000141522(ARHGDIA)	7030	GATGCACGGCCTCGTGGGGGCCGGGCCGTCCTCCAGCCCCGCTGCTCCCTGGCCAGCCCCCTTGTCGCTGTCGGTCCCGTCTAACCATGATGCCTTAACAT
>ENSG00000141522(ARHGDIA)	5050	CTCCCCGTCACACCCGAGGCCTGGCTTCAGGAGGGAGCGGAGCAGCCATTCTCCAGGCCCCGTGGTTGCCCCTGGACGTGTGCGTCTGCTGCTCCGGGGTG
>ENSG00000141522(ARHGDIA)	3070	CTGTGCCCCCCAGGTTCTATCTCCCCGTCACACCCGAGGCCTGGCTTCAGGAGGGAGCGGAGCAGCCATTCTCCAGGCCCCGTGGTTGCCCCTGGACGTGT
>ENSG00000141522(ARHGDIA)	7030	CTGGCTTCAGGAGGGAGCGGAGCAGCCATTCTCCAGGCCCCGTGGTTGCCCCTGGACGTGTGCGTCTGCTGCTCCGGGGTGGAGCTGGGGTGTGGGATGCA
>ENSG00000183010(PYCR1)	5050	GCTGTCAGCGTTTCGGCCAGCCCCCAGGGTCATCCGCTGCATGACCAACACTCCAGTCGTGGTGCGGGAGGGGGCCACCGTGTATGCCACAGGCACGCACG
>ENSG00000183010(PYCR1)	3070	CGCTGGTTTCTCTTCCAGAAGCTGTCAGCGTTTCGGCCAGCCCCCAGGGTCATCCGCTGCATGACCAACACTCCAGTCGTGGTGCGGGAGGGGGCCACCGT
>ENSG00000183010(PYCR1)	7030	CCCCCAGGGTCATCCGCTGCATGACCAACACTCCAGTCGTGGTGCGGGAGGGGGCCACCGTGTATGCCACAGGCACGCACGCCCAGGTGGAGGACGGGAGG
>ENSG00000265681(RPL17)	5050	GGGCCCAATCCTCCTGCCATCGCCGCCATCCTGGCTTCGGGGGCGCCGGCCTCCAGGCCCCCGGGAGGAGAACTCCTAGGGCTACTAAATCCTCGCTGGAG
>ENSG00000265681(RPL17)	3070	TTTCTCCTGCGTTGCTCCGAGGGCCCAATCCTCCTGCCATCGCCGCCATCCTGGCTTCGGGGGCGCCGGCCTCCAGGCCCCCGGGAGGAGAACTCCTAGGG
>ENSG00000265681(RPL17)	7030	CGCCGCCATCCTGGCTTCGGGGGCGCCGGCCTCCAGGCCCCCGGGAGGAGAACTCCTAGGGCTACTAAATCCTCGCTGGAGGCGGTGGCTTCTTATGCGGG
>ENSG00000074695(LMAN1)	5050	AACAAGAATTGGATAAAAAAAAAGAGGAATTCCAGAAGGGCCACCCCGACCTCCAAGGGCAGCCTGGTGAGTTGTAGCAAAGCTGACATGGGTGCCGCAGC
>ENSG00000074695(LMAN1)	3070	GGAGGAATTTGAGCACTTTCAACAAGAATTGGATAAAAAAAAAGAGGAATTCCAGAAGGGCCACCCCGACCTCCAAGGGCAGCCTGGTGAGTTGTAGCAAA
>ENSG00000074695(LMAN1)	7030	AAAGAGGAATTCCAGAAGGGCCACCCCGACCTCCAAGGGCAGCCTGGTGAGTTGTAGCAAAGCTGACATGGGTGCCGCAGCAGGGCTTGAGGCTGTTGATC
>ENSG00000064687(ABCA7)	5050	CTCGATGACCCTAGCACTGCCGAGACTGTGCTCTGAGCCTCCCTCCCCTGCGGGGCCGCGGGGAGGCCCTGGGAATGGCAAGGGCAAGGTAGAGTGCCTAG
>ENSG00000064687(ABCA7)	3070	CGAGACTGTGCTCTGAGCCTCCCTCCCCTGCGGGGCCGCGGGGAGGCCCTGGGAATGGCAAGGGCAAGGTAGAGTGCCTAGGAGCCCTGGACTCAGGCTGG
>ENSG00000064687(ABCA7)	7030	CCAAACGCGTCAGCCAGTTCCTCGATGACCCTAGCACTGCCGAGACTGTGCTCTGAGCCTCCCTCCCCTGCGGGGCCGCGGGGAGGCCCTGGGAATGGCAA
>ENSG00000071655(MBD3)	5050	CAGGCCGGACTGCATATCCTTCCTCCCGCAGGGCAAGCCCGACCTGAACACGGCGCTGCCCGTGCGCCAGACGGCGTCCATCTTCAAGCAGCCGGTGACCA
>ENSG00000071655(MBD3)	3070	CCGCGCCGCCGGGGCGCCCCCAGGCCGGACTGCATATCCTTCCTCCCGCAGGGCAAGCCCGACCTGAACACGGCGCTGCCCGTGCGCCAGACGGCGTCCAT
>ENSG00000071655(MBD3)	7030	TCCTCCCGCAGGGCAAGCCCGACCTGAACACGGCGCTGCCCGTGCGCCAGACGGCGTCCATCTTCAAGCAGCCGGTGACCAAGATTACCAACCACCCCAGC
>ENSG00000125912(NCLN)	5050	TGGCGCCTCCGGCTGCAGGTGGCCGCGCACCAGTTCCCTGAGGTACGGTTCTCCATGGTGCACAAGCGGATCAACCTGGCGGAGGACGTGCTGGCCTGGGA
>ENSG00000125912(NCLN)	3070	GGCCGCGCACCAGTTCCCTGAGGTACGGTTCTCCATGGTGCACAAGCGGATCAACCTGGCGGAGGACGTGCTGGCCTGGGAGCACGAGCGCTTCGCCATCC
>ENSG00000125912(NCLN)	7030	CCCCGCCTGCCCTCTGCTAATGGCGCCTCCGGCTGCAGGTGGCCGCGCACCAGTTCCCTGAGGTACGGTTCTCCATGGTGCACAAGCGGATCAACCTGGCG
>ENSG00000167658(EEF2)	5050	GTCGTCTCGTACCGCGAGACGGTCAGTGAAGAGTCGAACGTGCTCTGCCTCTCCAAGTCCCCCAACAAGCACAACCGGCTGTACATGAAGGCGCGGCCCTT
>ENSG00000167658(EEF2)	3070	TTTTGCAGAAATCTGACCCGGTCGTCTCGTACCGCGAGACGGTCAGTGAAGAGTCGAACGTGCTCTGCCTCTCCAAGTCCCCCAACAAGCACAACCGGCTG
>ENSG00000167658(EEF2)	7030	GGTCAGTGAAGAGTCGAACGTGCTCTGCCTCTCCAAGTCCCCCAACAAGCACAACCGGCTGTACATGAAGGCGCGGCCCTTCCCCGACGGCCTGGCCGAGG
>ENSG00000105229(PIAS4)	5050	TCGTGGGCCGGAGTAAGAGTGGACTGAAGCACGAGCTCGTCACCAGGGCCCTCCAGCTGGTGCAGTTTGACTGTAGCCCTGAGCTGTTCAAGAAGATCAAG
>ENSG00000105229(PIAS4)	3070	GGACTGAAGCACGAGCTCGTCACCAGGGCCCTCCAGCTGGTGCAGTTTGACTGTAGCCCTGAGCTGTTCAAGAAGATCAAGGAGCTGTACGAGACCCGCTA
>ENSG00000105229(PIAS4)	7030	CCTTCAGATGCTCCTGGGTTTCGTGGGCCGGAGTAAGAGTGGACTGAAGCACGAGCTCGTCACCAGGGCCCTCCAGCTGGTGCAGTTTGACTGTAGCCCTG
>ENSG00000074842(MYDGF)	5050	GTGGGGAACATGGGGGCTATGCTGGGGAAAGCAGCCATGCTCCCCCCGACCTCCAGCCGAGCATCCTTCATGAGCCTGCAGAACTGCTTTCCTATGTTTAC
>ENSG00000074842(MYDGF)	3070	AGATCCGGGGCACAAAGAGGGTGGGGAACATGGGGGCTATGCTGGGGAAAGCAGCCATGCTCCCCCCGACCTCCAGCCGAGCATCCTTCATGAGCCTGCAG
>ENSG00000074842(MYDGF)	7030	GCTGGGGAAAGCAGCCATGCTCCCCCCGACCTCCAGCCGAGCATCCTTCATGAGCCTGCAGAACTGCTTTCCTATGTTTACCCAGGGGACCTCCTTTCAGA
>ENSG00000174917(MICOS13)	5050	ATGACGGTGATGTCAGCTCTGTCGGTGGCCCCCTCCAAGGCCCGCGAGTACTCCAAGGAGGGCTGGGAGTATGTGAAGGCGCGCACCAAGTAGCGAGTCAG
>ENSG00000174917(MICOS13)	3070	GTCCCTTTCCCACAGGCATCATGACGGTGATGTCAGCTCTGTCGGTGGCCCCCTCCAAGGCCCGCGAGTACTCCAAGGAGGGCTGGGAGTATGTGAAGGCG
>ENSG00000174917(MICOS13)	7030	GTCGGTGGCCCCCTCCAAGGCCCGCGAGTACTCCAAGGAGGGCTGGGAGTATGTGAAGGCGCGCACCAAGTAGCGAGTCAGCAGGGGCCGCCTGCCCCGGC
>ENSG00000125733(TRIP10)	5050	GATTCTCATCCAACCCCAGATTCAGCCAGCAACAGTCCTTCGTACAGATTCTCCAGGAGGTGAATGACTTTGCAGGCCAGCGGGAGCTGGTGGCTGAGAAC
>ENSG00000125733(TRIP10)	3070	TTCAGCCAGCAACAGTCCTTCGTACAGATTCTCCAGGAGGTGAATGACTTTGCAGGCCAGCGGGAGCTGGTGGCTGAGAACCTCAGTGTCCGTGTATGTCT
>ENSG00000125733(TRIP10)	7030	GGCCTGACTCCCTGTTCCCCGATTCTCATCCAACCCCAGATTCAGCCAGCAACAGTCCTTCGTACAGATTCTCCAGGAGGTGAATGACTTTGCAGGCCAGC
>ENSG00000099785(MARCHF2)	5050	GCAGCCCTGCCTTCTCCAAGGTCGTGGAGGCTACGGGCCTCGGACCGCCCCAGTATGTGGCACAGGTGACTTCAAGGGATGGCCGGCTCCTCTCCACCGTC
>ENSG00000099785(MARCHF2)	3070	GTCGTGGAGGCTACGGGCCTCGGACCGCCCCAGTATGTGGCACAGGTGACTTCAAGGGATGGCCGGCTCCTCTCCACCGTCATCCGTGCCTTGGACACACC
>ENSG00000099785(MARCHF2)	7030	CTCCCTGTGTGACTGCTCCGGCAGCCCTGCCTTCTCCAAGGTCGTGGAGGCTACGGGCCTCGGACCGCCCCAGTATGTGGCACAGGTGACTTCAAGGGATG
>ENSG00000127616(SMARCA4)	5050	CTCAACGTGGACCAGAAGGTGATCCAGGCCGGCATGTTCGACCAGAAGTCCTCCAGCCATGAGCGGCGCGCCTTCCTGCAGGCCATCCTGGAGCACGAGGA
>ENSG00000127616(SMARCA4)	3070	GATCCAGGCCGGCATGTTCGACCAGAAGTCCTCCAGCCATGAGCGGCGCGCCTTCCTGCAGGCCATCCTGGAGCACGAGGAGCAGGATGAGGTGAGCCCAG
>ENSG00000127616(SMARCA4)	7030	TAGCTGCAGCCAAGTACAAGCTCAACGTGGACCAGAAGGTGATCCAGGCCGGCATGTTCGACCAGAAGTCCTCCAGCCATGAGCGGCGCGCCTTCCTGCAG
>ENSG00000179115(FARSA)	5050	TGAGGAGACCTGTGGGCCACCTATTGTCTAATAAAGTGGGCAGTTGCCCCCATCTGGTGGCTTTCCTTAGGGGTGAGGGGTCTTGTTGGGTCCCCCTAGCT
>ENSG00000179115(FARSA)	3070	TCTACTGTGAGGGTGGGCCCTGAGGAGACCTGTGGGCCACCTATTGTCTAATAAAGTGGGCAGTTGCCCCCATCTGGTGGCTTTCCTTAGGGGTGAGGGGT
>ENSG00000179115(FARSA)	7030	CTATTGTCTAATAAAGTGGGCAGTTGCCCCCATCTGGTGGCTTTCCTTAGGGGTGAGGGGTCTTGTTGGGTCCCCCTAGCTCAGTGTGCCACTTGATGGTC
>ENSG00000160877(NACC1)	5050	CAGAAGGAGGCTGGGGGCGGCGGCAATGGCAGCCGCAAGATGGCCAAGTTCTCCACGCCGGACCTGGCTGCCAACCGGCCTCACCAGCCCCCGCCACCCCA
>ENSG00000160877(NACC1)	3070	CGGCAATGGCAGCCGCAAGATGGCCAAGTTCTCCACGCCGGACCTGGCTGCCAACCGGCCTCACCAGCCCCCGCCACCCCAACAGGCTCCGGTGGTGGCAG
>ENSG00000160877(NACC1)	7030	AGCGGCTGTGGGACAGTGGCCAGAAGGAGGCTGGGGGCGGCGGCAATGGCAGCCGCAAGATGGCCAAGTTCTCCACGCCGGACCTGGCTGCCAACCGGCCT
>ENSG00000104979(C19orf53)	5050	ACCTTCCTGAGGACGCTGGCCCCAGTGCAGGCCAACATCCCACCCCCTACCTCCATATGGGACCTTGCAAGTCATCCCACAGGCTGCACTGTCAGGAAGAG
>ENSG00000104979(C19orf53)	3070	CCCAGTGCAGGCCAACATCCCACCCCCTACCTCCATATGGGACCTTGCAAGTCATCCCACAGGCTGCACTGTCAGGAAGAGGACCCTGTCCCCCAGCACTG
>ENSG00000104979(C19orf53)	7030	GCCGCCACCTCCTCCAAGACACCTTCCTGAGGACGCTGGCCCCAGTGCAGGCCAACATCCCACCCCCTACCTCCATATGGGACCTTGCAAGTCATCCCACA
>ENSG00000141867(BRD4)	5050	CAAGACCACCAAGCTGGGCCAGCGGCGGGAGAGCAGCCGGCCTGTGAAACCTCCAAAGAAGGACGTGCCCGACTCTCAGCAGCACCCAGCACCAGAGAAGA
>ENSG00000141867(BRD4)	3070	CCCTCGCTGCCCCCGGAGCCCAAGACCACCAAGCTGGGCCAGCGGCGGGAGAGCAGCCGGCCTGTGAAACCTCCAAAGAAGGACGTGCCCGACTCTCAGCA
>ENSG00000141867(BRD4)	7030	AGCGGCGGGAGAGCAGCCGGCCTGTGAAACCTCCAAAGAAGGACGTGCCCGACTCTCAGCAGCACCCAGCACCAGAGAAGAGCAGCAAGGTCTCGGAGCAG
>ENSG00000105647(PIK3R2)	5050	GGGTCCTAACTCCCCCACCCCATATCTACGTGTCCTCCGGGCATTGCCCTCTCCATGGCTCTGGTCACCCTGACCCTCTGCCCTGCCCACCGCAGGTCCCC
>ENSG00000105647(PIK3R2)	3070	CATATCTACGTGTCCTCCGGGCATTGCCCTCTCCATGGCTCTGGTCACCCTGACCCTCTGCCCTGCCCACCGCAGGTCCCCCGGGGTCCCGGAAGCCCCTT
>ENSG00000105647(PIK3R2)	7030	CCTGTCTCTCTCCATGTTGGGGGTCCTAACTCCCCCACCCCATATCTACGTGTCCTCCGGGCATTGCCCTCTCCATGGCTCTGGTCACCCTGACCCTCTGC
>ENSG00000105701(FKBP8)	5050	GACTTCGTCCTGGCCGCCAACTCCTACGACCTCGCCATCAAGGCTATCACCTCCAGCGCCAAAGGTGACCGCCTGGGTCAGATCTCCACCATCTCCCCTGC
>ENSG00000105701(FKBP8)	3070	ACGCCCACTACCAGCGGGCGGACTTCGTCCTGGCCGCCAACTCCTACGACCTCGCCATCAAGGCTATCACCTCCAGCGCCAAAGGTGACCGCCTGGGTCAG
>ENSG00000105701(FKBP8)	7030	CTCCTACGACCTCGCCATCAAGGCTATCACCTCCAGCGCCAAAGGTGACCGCCTGGGTCAGATCTCCACCATCTCCCCTGCAAAGGTGTCCACTCCGTGCC
>ENSG00000179134(SAMD4B)	5050	CACCCACTCGCTCCCGGTCCACTCGTCACCCCAGGCCATTCTCATGTTCCCTCCAGGTGAGGTGCCCCACCCTTGGGACTCTGCCTGGCCAACATCCTCAG
>ENSG00000179134(SAMD4B)	3070	ACTCGTCACCCCAGGCCATTCTCATGTTCCCTCCAGGTGAGGTGCCCCACCCTTGGGACTCTGCCTGGCCAACATCCTCAGCTGACCTTTCTTTTTTCTCC
>ENSG00000179134(SAMD4B)	7030	AGCCGCAGCTCTGTGCAGCGCACCCACTCGCTCCCGGTCCACTCGTCACCCCAGGCCATTCTCATGTTCCCTCCAGGTGAGGTGCCCCACCCTTGGGACTC
>ENSG00000013275(PSMC4)	5050	TCCTGAGCACCATCGATCGGGAGCTGCTCAAGCCCAACGCCTCAGTGGCCCTCCACAAGCACAGCAATGCACTGGTGGACGTGCTGCCCCCCGAAGCCGAC
>ENSG00000013275(PSMC4)	3070	GAGCTGCTCAAGCCCAACGCCTCAGTGGCCCTCCACAAGCACAGCAATGCACTGGTGGACGTGCTGCCCCCCGAAGCCGACAGCAGCATCATGATGCTCAC
>ENSG00000013275(PSMC4)	7030	CTCCAACTATTATGTGCGCATCCTGAGCACCATCGATCGGGAGCTGCTCAAGCCCAACGCCTCAGTGGCCCTCCACAAGCACAGCAATGCACTGGTGGACG
>ENSG00000105223(PLD3)	5050	AGAGCAGTGCTGGTGGAAAGCATTCCTGAGGGCCTGGACTTCCCCAATGCCTCCACGGGGAACCCTTCCACCAGCCAGGCCTGGCTGGGCCTGCTCGCCGG
>ENSG00000105223(PLD3)	3070	CATTCCTGAGGGCCTGGACTTCCCCAATGCCTCCACGGGGAACCCTTCCACCAGCCAGGCCTGGCTGGGCCTGCTCGCCGGTGCGCACAGCAGCCTGGACA
>ENSG00000105223(PLD3)	7030	GATAGCATCCCCCACCCCCCAGAGCAGTGCTGGTGGAAAGCATTCCTGAGGGCCTGGACTTCCCCAATGCCTCCACGGGGAACCCTTCCACCAGCCAGGCC
>ENSG00000105223(PLD3)	5050	GTCCCCTCGCCCTCAGAGTGCGCCCCCACCCCTGTGTCCAAGTGGCCGCACTCCAGACCTGAAGGCTCTACTCAACGTGGTGGACAATGCCCGGAGTTTCA
>ENSG00000105223(PLD3)	3070	CGCCCCCACCCCTGTGTCCAAGTGGCCGCACTCCAGACCTGAAGGCTCTACTCAACGTGGTGGACAATGCCCGGAGTTTCATCTACGTCGCTGTCATGAAC
>ENSG00000105223(PLD3)	7030	GCAGGGCACATGTCTTAACTGTCCCCTCGCCCTCAGAGTGCGCCCCCACCCCTGTGTCCAAGTGGCCGCACTCCAGACCTGAAGGCTCTACTCAACGTGGT
>ENSG00000105341(DMAC2)	5050	TGGGTGCGGCAGTGGCCCCAGAGGGCAATCAGAAGAAGAAAAGGACAATACTCCAGTTCCTGACCAACTATTTCTACGATGTGGAGGCTCTGAGGGATTAC
>ENSG00000105341(DMAC2)	3070	TATCAGGGGCATCCATCGCCTGGGTGCGGCAGTGGCCCCAGAGGGCAATCAGAAGAAGAAAAGGACAATACTCCAGTTCCTGACCAACTATTTCTACGATG
>ENSG00000105341(DMAC2)	7030	GAGGGCAATCAGAAGAAGAAAAGGACAATACTCCAGTTCCTGACCAACTATTTCTACGATGTGGAGGCTCTGAGGGATTACTTGCTCCAAAGGGAGATGTA
>ENSG00000104853(CLPTM1)	5050	CTCACGCCCACACCTGCACCCACCACGACCACCGCCACCAGGGAGGAGGCCTCCACGTCCCTGCCCACCAAGCCCACCCAGGGGGCCAGCTCTGCCAGCGA
>ENSG00000104853(CLPTM1)	3070	CACCACGACCACCGCCACCAGGGAGGAGGCCTCCACGTCCCTGCCCACCAAGCCCACCCAGGGGGCCAGCTCTGCCAGCGAGCCCCAGGAAGCCCCTCCAA
>ENSG00000104853(CLPTM1)	7030	TTCCCACAGCAGCAGGGGCCCTCACGCCCACACCTGCACCCACCACGACCACCGCCACCAGGGAGGAGGCCTCCACGTCCCTGCCCACCAAGCCCACCCAG
>ENSG00000160014(CALM3)	5050	ATTCATAAGTTGAAGCCCTCCCCAGATCCCCTTGGGGAGCCTCTGCCCTCCTCCAGCCCGGATGGCTCTCCTCCATTTTGGTTTGTTTCCTCTTGTTTGTC
>ENSG00000160014(CALM3)	3070	CCCAGATCCCCTTGGGGAGCCTCTGCCCTCCTCCAGCCCGGATGGCTCTCCTCCATTTTGGTTTGTTTCCTCTTGTTTGTCATCTTATTTTGGGTGCTGGG
>ENSG00000160014(CALM3)	7030	TGTCTTCCAAGGCCTGATGCATTCATAAGTTGAAGCCCTCCCCAGATCCCCTTGGGGAGCCTCTGCCCTCCTCCAGCCCGGATGGCTCTCCTCCATTTTGG
>ENSG00000104805(NUCB1)	5050	GCCCCAGCATCTGTGATCCTCCGGGACCCCAGCCCTCAGGATTCCTGATGCTCCAAGGCGACTGATGGGCGCTGGATGAAGTGGCACAGTCAGCTTCCCTG
>ENSG00000104805(NUCB1)	3070	CCGGGACCCCAGCCCTCAGGATTCCTGATGCTCCAAGGCGACTGATGGGCGCTGGATGAAGTGGCACAGTCAGCTTCCCTGGGGGCTGGTGTCATGTTGGG
>ENSG00000104805(NUCB1)	7030	CGGCTCCCTGAGGTTGAGGTGCCCCAGCATCTGTGATCCTCCGGGACCCCAGCCCTCAGGATTCCTGATGCTCCAAGGCGACTGATGGGCGCTGGATGAAG
>ENSG00000087086(FTL)	5050	TAGATGAGGAAGTGAAGCTTATCAAGAAGATGGGTGACCACCTGACCAACCTCCACAGGCTGGGTGGCCCGGAGGCTGGGCTGGGCGAGTATCTCTTCGAA
>ENSG00000087086(FTL)	3070	ATCAAGAAGATGGGTGACCACCTGACCAACCTCCACAGGCTGGGTGGCCCGGAGGCTGGGCTGGGCGAGTATCTCTTCGAAAGGCTCACTCTCAAGCACGA
>ENSG00000087086(FTL)	7030	CTTCCTGGAGACTCACTTCCTAGATGAGGAAGTGAAGCTTATCAAGAAGATGGGTGACCACCTGACCAACCTCCACAGGCTGGGTGGCCCGGAGGCTGGGC
>ENSG00000161618(ALDH16A1)	5050	CTGTATGAGTATCTGCGGCCCTCAGGGACCCCTGCCCGGCTGTCCTGCCTCTCCAAGAACCTGAACTATGACACCTTTGGCCTCGCTGTTCCCTCAACCCT
>ENSG00000161618(ALDH16A1)	3070	CTCAGGGACCCCTGCCCGGCTGTCCTGCCTCTCCAAGAACCTGAACTATGACACCTTTGGCCTCGCTGTTCCCTCAACCCTGCCGGCTGGGCCTGAAATAG
>ENSG00000161618(ALDH16A1)	7030	CACCGTCCCTCTCACAGGGGCTGTATGAGTATCTGCGGCCCTCAGGGACCCCTGCCCGGCTGTCCTGCCTCTCCAAGAACCTGAACTATGACACCTTTGGC
>ENSG00000130726(TRIM28)	5050	TGTGGCAGAGCGTCCTGGCACTAACTCAACAGGCCCTGCACCCATGGCCCCTCCAAGAGCCCCAGGGCCCCTGAGCAAGCAGGGCTCTGGCAGCAGCCAGG
>ENSG00000130726(TRIM28)	3070	CTAACTCAACAGGCCCTGCACCCATGGCCCCTCCAAGAGCCCCAGGGCCCCTGAGCAAGCAGGGCTCTGGCAGCAGCCAGGTGAGCAGGAGAGAGGACCCA
>ENSG00000130726(TRIM28)	7030	CTTCTTTTTGCAGGCAAGATTGTGGCAGAGCGTCCTGGCACTAACTCAACAGGCCCTGCACCCATGGCCCCTCCAAGAGCCCCAGGGCCCCTGAGCAAGCA
>ENSG00000130508(PXDN)	5050	TTCACCCACATGCTGATGCAGTGGGGCCAGTTCCTGGACCACGACCTCGACTCCACGGTGGTGGCCCTGAGCCAGGCACGCTTCTCCGACGGACAGCACTG
>ENSG00000130508(PXDN)	3070	CCGTCACACCCGACGAGCAGTTCACCCACATGCTGATGCAGTGGGGCCAGTTCCTGGACCACGACCTCGACTCCACGGTGGTGGCCCTGAGCCAGGCACGC
>ENSG00000130508(PXDN)	7030	GTGGGGCCAGTTCCTGGACCACGACCTCGACTCCACGGTGGTGGCCCTGAGCCAGGCACGCTTCTCCGACGGACAGCACTGCAGCAACGTGTGCAGCAACG
>ENSG00000184924(PTRHD1)	5050	CCACCGCGGCCTTGCACACTCACCGCGACCACCCGCACACAGCCGCTTACCTCCAAGAGCTGGGGCGCATGCGCAAAGTGGTCCTCGAGGTGAGGCACTCG
>ENSG00000184924(PTRHD1)	3070	AGCGCAGGCTTGTCACGCGGCCACCGCGGCCTTGCACACTCACCGCGACCACCCGCACACAGCCGCTTACCTCCAAGAGCTGGGGCGCATGCGCAAAGTGG
>ENSG00000184924(PTRHD1)	7030	CACCGCGACCACCCGCACACAGCCGCTTACCTCCAAGAGCTGGGGCGCATGCGCAAAGTGGTCCTCGAGGTGAGGCACTCGGGCGGAGGGGGAGGTGCTGA
>ENSG00000180398(MCFD2)	5050	TTCAAAATGCATGATTATGATGGCAATAATTTGCTTGATGGCTTAGAACTCTCCACAGCCATCACTCATGTCCATAAGGAGGTAGGTCTGGCAGTGGCTTG
>ENSG00000180398(MCFD2)	3070	AAGAATTGCAGCTCCATTACTTCAAAATGCATGATTATGATGGCAATAATTTGCTTGATGGCTTAGAACTCTCCACAGCCATCACTCATGTCCATAAGGAG
>ENSG00000180398(MCFD2)	7030	TGGCAATAATTTGCTTGATGGCTTAGAACTCTCCACAGCCATCACTCATGTCCATAAGGAGGTAGGTCTGGCAGTGGCTTGGGGGACTGTATCACAGAAAG
>ENSG00000132305(IMMT)	5050	CTGCAGGCTATTGCAGCTCAGAATGCTGCGGTCCAGGCTGTCAATGCACACTCCAACATATTGAAAGCCGCCATGGACAATTCTGAGGTGAGCCCAATGAA
>ENSG00000132305(IMMT)	3070	GGCAAACTGCAAGTGTCACTCTGCAGGCTATTGCAGCTCAGAATGCTGCGGTCCAGGCTGTCAATGCACACTCCAACATATTGAAAGCCGCCATGGACAAT
>ENSG00000132305(IMMT)	7030	GAATGCTGCGGTCCAGGCTGTCAATGCACACTCCAACATATTGAAAGCCGCCATGGACAATTCTGAGGTGAGCCCAATGAATGATTAGAAGTGTTCTGGCT
>ENSG00000144028(SNRNP200)	5050	TCCTCCCAGATTGAGCGGCCCATTCGCATTGTGGCACTCAGCTCTTCGCTCTCCAATGCCAAGGATGTGGCCCACTGGCTGGGCTGCAGTGCCACCTCCAC
>ENSG00000144028(SNRNP200)	3070	GCTCCCGAATGCGCTACATCTCCTCCCAGATTGAGCGGCCCATTCGCATTGTGGCACTCAGCTCTTCGCTCTCCAATGCCAAGGATGTGGCCCACTGGCTG
>ENSG00000144028(SNRNP200)	7030	CATTCGCATTGTGGCACTCAGCTCTTCGCTCTCCAATGCCAAGGATGTGGCCCACTGGCTGGGCTGCAGTGCCACCTCCACCTTCAACTTCCATCCCAATG
>ENSG00000144028(SNRNP200)	5050	ATTGGCCCTGCTCATGTCAAAGCTTCAATAATGTTTTGATCTTTTCAGAACTCGAATCTTGTGCTCCAAGCTGACCGTTCTCTCATTGACCGGACCCGCCG
>ENSG00000144028(SNRNP200)	3070	GGGTAACTATGATAGTAGGAATTGGCCCTGCTCATGTCAAAGCTTCAATAATGTTTTGATCTTTTCAGAACTCGAATCTTGTGCTCCAAGCTGACCGTTCT
>ENSG00000144028(SNRNP200)	7030	AGCTTCAATAATGTTTTGATCTTTTCAGAACTCGAATCTTGTGCTCCAAGCTGACCGTTCTCTCATTGACCGGACCCGCCGGGATGAACCCACAGGAGAGG
>ENSG00000077232(DNAJC10)	5050	ACAAATTTGAGCAACAGTAAGTGCACAAATTCTGTAGTTTGCCGTATCATCCAGGAAAACCTGAGGGAAAAAAATTATAGCAATTAACTGGGCATTGTAGA
>ENSG00000077232(DNAJC10)	3070	GTGCACAAATTCTGTAGTTTGCCGTATCATCCAGGAAAACCTGAGGGAAAAAAATTATAGCAATTAACTGGGCATTGTAGAGTATCCTAAATATGTTATCA
>ENSG00000077232(DNAJC10)	7030	TATGTGCACACAGTAAGTACACAAATTTGAGCAACAGTAAGTGCACAAATTCTGTAGTTTGCCGTATCATCCAGGAAAACCTGAGGGAAAAAAATTATAGC
>ENSG00000115414(FN1)	5050	GGCCTTACCCGAAGAGGACAGCCCAGGCAGTACAATGTGGGTCCCTCTGTCTCCAAGTACCCACTGAGGAATCTGCAGCCTGCATCTGAGTACACCGTATC
>ENSG00000115414(FN1)	3070	CAGGATACCGACTGACCGTGGGCCTTACCCGAAGAGGACAGCCCAGGCAGTACAATGTGGGTCCCTCTGTCTCCAAGTACCCACTGAGGAATCTGCAGCCT
>ENSG00000115414(FN1)	7030	GCCCAGGCAGTACAATGTGGGTCCCTCTGTCTCCAAGTACCCACTGAGGAATCTGCAGCCTGCATCTGAGTACACCGTATCCCTCGTGGCCATAAAGGGCA
>ENSG00000079246(XRCC5)	5050	TTCCAGGCAGCTGTTGTGCTGTGTATGGACGTGGGCTTTACCATGAGTAACTCCATTCCTGGTATAGAATCCCCATTTGAACAAGCAAAGAAGGTGATAAC
>ENSG00000079246(XRCC5)	3070	GTGTATGGACGTGGGCTTTACCATGAGTAACTCCATTCCTGGTATAGAATCCCCATTTGAACAAGCAAAGAAGGTGATAACCATGTTTGTACAGCGACAGG
>ENSG00000079246(XRCC5)	7030	AACACTCTTTGGAACTTTGTTTCCAGGCAGCTGTTGTGCTGTGTATGGACGTGGGCTTTACCATGAGTAACTCCATTCCTGGTATAGAATCCCCATTTGAA
>ENSG00000169031(COL4A3)	5050	GACTCGCCCAGGCTCTGAGCGCGCGCCCACCATGAGCGCCCGGACCGCCCCCAGGCCGCAGGTGCTCCTGCTGCCGCTCCTGCTGGTGCTCCTGGCGGCGG
>ENSG00000169031(COL4A3)	3070	GCGCGCCCACCATGAGCGCCCGGACCGCCCCCAGGCCGCAGGTGCTCCTGCTGCCGCTCCTGCTGGTGCTCCTGGCGGCGGCGCCCGCAGCCAGCAAGGTG
>ENSG00000169031(COL4A3)	7030	TGAGAGCCTGAGGGTCCCCGGACTCGCCCAGGCTCTGAGCGCGCGCCCACCATGAGCGCCCGGACCGCCCCCAGGCCGCAGGTGCTCCTGCTGCCGCTCCT
>ENSG00000135932(CAB39)	5050	GGCGGCGCCGGGCCCCACAGCAGCAGCCGCAGCCCAAGCGAGCGCAGCAGCGCGGCGGCAGCCGCGGGAGCCCCTGGGCAGCCGTCCGCCCGCGCAGCCGC
>ENSG00000135932(CAB39)	3070	CAGCAGCCGCAGCCCAAGCGAGCGCAGCAGCGCGGCGGCAGCCGCGGGAGCCCCTGGGCAGCCGTCCGCCCGCGCAGCCGCCGCCGCCGCGGGAGCCCGTC
>ENSG00000135932(CAB39)	7030	GGGGCACAGGCGAAGACTAAGGCGGCGCCGGGCCCCACAGCAGCAGCCGCAGCCCAAGCGAGCGCAGCAGCGCGGCGGCAGCCGCGGGAGCCCCTGGGCAG
>ENSG00000237412(PRSS56)	5050	GGGCCCCAAACAGAGGGTGAGCTGACCCCTGTCCCGCCCGCAGCAGCCTCCTCCAGCCGCGAGCCCAGCTGCAGGGAGCTTCTGGCCTGGGACCCCCCCCA
>ENSG00000237412(PRSS56)	3070	GCTGACCCCTGTCCCGCCCGCAGCAGCCTCCTCCAGCCGCGAGCCCAGCTGCAGGGAGCTTCTGGCCTGGGACCCCCCCCAGGAGCTGCAGGCAGACGCCG
>ENSG00000237412(PRSS56)	7030	GGGAAGGAGTGAGGGGGCTAGGGCCCCAAACAGAGGGTGAGCTGACCCCTGTCCCGCCCGCAGCAGCCTCCTCCAGCCGCGAGCCCAGCTGCAGGGAGCTT
>ENSG00000115677(HDLBP)	5050	TCCCGAGGTCCCGCAGGGAGCCTAGCGCCTGGCTGTGTGTGCGGCCGCTCCTCCAGGCCTGGCCGTGCCCGCTCAGGACCTGCTCCACTGTTTAACACTAA
>ENSG00000115677(HDLBP)	3070	TTGTTGACGCTCTTCCCCCTTCCCGAGGTCCCGCAGGGAGCCTAGCGCCTGGCTGTGTGTGCGGCCGCTCCTCCAGGCCTGGCCGTGCCCGCTCAGGACCT
>ENSG00000115677(HDLBP)	7030	CCTAGCGCCTGGCTGTGTGTGCGGCCGCTCCTCCAGGCCTGGCCGTGCCCGCTCAGGACCTGCTCCACTGTTTAACACTAAACCAAGGTCATGAGCATTCG
>ENSG00000271303(SRXN1)	5050	AACAGGGCAGTTCTGCTGCTCACACCTGGGATCCCTCATGGAGCTAAGGTCAGCTGTTACCTCAGCTGGGCCTGGATGGTCTAGGATAGCCTTACTCACTT
>ENSG00000271303(SRXN1)	3070	TGGCAATTTGGGCTGGGCTCAACAGGGCAGTTCTGCTGCTCACACCTGGGATCCCTCATGGAGCTAAGGTCAGCTGTTACCTCAGCTGGGCCTGGATGGTC
>ENSG00000271303(SRXN1)	7030	CACACCTGGGATCCCTCATGGAGCTAAGGTCAGCTGTTACCTCAGCTGGGCCTGGATGGTCTAGGATAGCCTTACTCACTTGCCTGGCAGGTGACAGGCTG
>ENSG00000088832(FKBP1A)	5050	CCTCCAGACATGTGCACATGAATCCATATGGAGCTTTTCCTGATGTTCCACTCCACTTTGTATAGACATCTGCCCTGACTGAATGTGTTCTGTCACTCAGC
>ENSG00000088832(FKBP1A)	3070	TGCCATGGAGGGATCTGGTGCCTCCAGACATGTGCACATGAATCCATATGGAGCTTTTCCTGATGTTCCACTCCACTTTGTATAGACATCTGCCCTGACTG
>ENSG00000088832(FKBP1A)	7030	AATCCATATGGAGCTTTTCCTGATGTTCCACTCCACTTTGTATAGACATCTGCCCTGACTGAATGTGTTCTGTCACTCAGCTTTGCTTCCGACACCTCTGT
>ENSG00000125835(SNRPB)	5050	CCCACCTGGCCGTGGGGGTCCTCCCCCACCTATGGGCCGAGGAGCACCCCCTCCAGGTGAGGAGCCCATAAGGAGACCAGTGCTAATTGATAGAAGATGCC
>ENSG00000125835(SNRPB)	3070	GCCGGGGCTCCAACCCAGTACCCACCTGGCCGTGGGGGTCCTCCCCCACCTATGGGCCGAGGAGCACCCCCTCCAGGTGAGGAGCCCATAAGGAGACCAGT
>ENSG00000125835(SNRPB)	7030	CTCCCCCACCTATGGGCCGAGGAGCACCCCCTCCAGGTGAGGAGCCCATAAGGAGACCAGTGCTAATTGATAGAAGATGCCTTAGCTGGATTAATGATGAG
>ENSG00000101294(HM13)	5050	CACAGGAGGCCAAGGGCAGCTCCAGGACAGGGCAGGGGGCAGCAGGATACCTCCAGCCAGGCCTCTGTGGCCTCTGTTTCCTTCTCCCTTTCTTGGCCCTC
>ENSG00000101294(HM13)	3070	TCCAGGACAGGGCAGGGGGCAGCAGGATACCTCCAGCCAGGCCTCTGTGGCCTCTGTTTCCTTCTCCCTTTCTTGGCCCTCCTCTGCTCCTCCCCACACCC
>ENSG00000101294(HM13)	7030	AGGCGTGCACCGGTAGAGGGCACAGGAGGCCAAGGGCAGCTCCAGGACAGGGCAGGGGGCAGCAGGATACCTCCAGCCAGGCCTCTGTGGCCTCTGTTTCC
>ENSG00000125970(RALY)	5050	TTACGTCCCCGAGTGCGGCAGTACCGCCTCCTTCCCAGCCGCGCGGCTTCCTCCAGACCTCTCGGCGCGGGTGAGTGGGGACTGCGGGCGTCTCCTTAGGG
>ENSG00000125970(RALY)	3070	GTACCGCCTCCTTCCCAGCCGCGCGGCTTCCTCCAGACCTCTCGGCGCGGGTGAGTGGGGACTGCGGGCGTCTCCTTAGGGGTGCGGGGAGGGTGTGTGCT
>ENSG00000125970(RALY)	7030	CCGCCCTTTTCCTCCCTCCCTTACGTCCCCGAGTGCGGCAGTACCGCCTCCTTCCCAGCCGCGCGGCTTCCTCCAGACCTCTCGGCGCGGGTGAGTGGGGA
>ENSG00000132824(SERINC3)	5050	AGGAAGATGGGGAAAAAAAGTTCAGTAAAGCTGGAATGGGGAAATGTAGTCAGGGACTGAATTTTAAAGGGCTTTATCAACCTCAGTAAAGAGTTTGGACC
>ENSG00000132824(SERINC3)	3070	TAAAACTGCATGTTAAAGGCAGGAAGATGGGGAAAAAAAGTTCAGTAAAGCTGGAATGGGGAAATGTAGTCAGGGACTGAATTTTAAAGGGCTTTATCAAC
>ENSG00000132824(SERINC3)	7030	TTCAGTAAAGCTGGAATGGGGAAATGTAGTCAGGGACTGAATTTTAAAGGGCTTTATCAACCTCAGTAAAGAGTTTGGACCTTATGTTGAGGGTGGCTGAA
>ENSG00000204070(SYS1)	5050	GGACATCCTGCTGACACTTGGGCCCCTTAACACCTTGGGCTGCTCAGACCCTCCAGATGAGGTCCAGCCCAGATCTGAGAGGAACCCTGGAAATGTGAAGT
>ENSG00000204070(SYS1)	3070	GGCCCCTTAACACCTTGGGCTGCTCAGACCCTCCAGATGAGGTCCAGCCCAGATCTGAGAGGAACCCTGGAAATGTGAAGTCTCTGTTGGTTTGGGAGAGA
>ENSG00000204070(SYS1)	7030	TGTCTAGAATCAGGCCCTTTGGACATCCTGCTGACACTTGGGCCCCTTAACACCTTGGGCTGCTCAGACCCTCCAGATGAGGTCCAGCCCAGATCTGAGAG
>ENSG00000100979(PLTP)	5050	CTGGGCTCATCCGGCCTCTCCTCTCCTCACAGGAAGGTGTATGATTTTCTCTCCACGTTCATCACCTCAGGGATGCGCTTCCTCCTCAACCAGCAGGTGTG
>ENSG00000100979(PLTP)	3070	GACTGGGGTGGAGGCAGGTTCTGGGCTCATCCGGCCTCTCCTCTCCTCACAGGAAGGTGTATGATTTTCTCTCCACGTTCATCACCTCAGGGATGCGCTTC
>ENSG00000100979(PLTP)	7030	CTCTCCTCACAGGAAGGTGTATGATTTTCTCTCCACGTTCATCACCTCAGGGATGCGCTTCCTCCTCAACCAGCAGGTGTGGGCAGCGACAGGTCGCAGGG
>ENSG00000196562(SULF2)	5050	AAGCTGCATAAGTGCAAGGGCCCCATGCGGCTGGGCGGCAGCAGAGCCCTCTCCAACCTCGTGCCCAAGTACTACGGGCAGGGCAGCGAGGCCTGCACCTG
>ENSG00000196562(SULF2)	3070	AGGACGCCACGGGGAAGCTGAAGCTGCATAAGTGCAAGGGCCCCATGCGGCTGGGCGGCAGCAGAGCCCTCTCCAACCTCGTGCCCAAGTACTACGGGCAG
>ENSG00000196562(SULF2)	7030	CCCCATGCGGCTGGGCGGCAGCAGAGCCCTCTCCAACCTCGTGCCCAAGTACTACGGGCAGGGCAGCGAGGCCTGCACCTGTGACAGCGGGGACTACAAGC
>ENSG00000215440(NPEPL1)	5050	GGCAGGCTGCCCTGAGCACGCTCAACCCCAACCCCACGGACAGCTGTCCCCTCTACCTGAACTACGCCACCGTGGCTGCCCTGCCCTGCAGGGTGAGCCGG
>ENSG00000215440(NPEPL1)	3070	CTCAACCCCAACCCCACGGACAGCTGTCCCCTCTACCTGAACTACGCCACCGTGGCTGCCCTGCCCTGCAGGGTGAGCCGGCACAACAGCCCCTCGGCCGC
>ENSG00000215440(NPEPL1)	7030	CTCCCTTCTGATCTAGCTCTGGCAGGCTGCCCTGAGCACGCTCAACCCCAACCCCACGGACAGCTGTCCCCTCTACCTGAACTACGCCACCGTGGCTGCCC
>ENSG00000215440(NPEPL1)	5050	AGCCCCAGGTCCTGTGCAGGGCACCTGCGTGGCTGACAGCCAGGCTCTTACTCCAGCCGGGGCTGCCAGCGCATCCAGCCAGCCCAGCCCTGTGAAAGATG
>ENSG00000215440(NPEPL1)	3070	GCACCTGCGTGGCTGACAGCCAGGCTCTTACTCCAGCCGGGGCTGCCAGCGCATCCAGCCAGCCCAGCCCTGTGAAAGATGGAGCTGACTTGCTGCAGGGG
>ENSG00000215440(NPEPL1)	7030	CCTGCCTGGTGCCCTGTCCCAGCCCCAGGTCCTGTGCAGGGCACCTGCGTGGCTGACAGCCAGGCTCTTACTCCAGCCGGGGCTGCCAGCGCATCCAGCCA
>ENSG00000101158(NELFCD)	5050	CATGACGCCAGTCAGATCACACTAGCCTTGGGCACAGCTGCCTCCTACCCCAGGGCCTGCCAGGCTCTCGGGGCCATGCTGTCCAAAGGAGCCCTGAACCC
>ENSG00000101158(NELFCD)	3070	ACTAGCCTTGGGCACAGCTGCCTCCTACCCCAGGGCCTGCCAGGCTCTCGGGGCCATGCTGTCCAAAGGAGCCCTGAACCCTGCTGACATCACCGTCCTGT
>ENSG00000101158(NELFCD)	7030	GGTTTTTCTCATCAAGAGGTCATGACGCCAGTCAGATCACACTAGCCTTGGGCACAGCTGCCTCCTACCCCAGGGCCTGCCAGGCTCTCGGGGCCATGCTG
>ENSG00000130702(LAMA5)	5050	CAGGCTTTTCTGGTGATCCAGCGCCCTCCCCTCCCGCCATTCCCCGCAGCCTCCAAGAGGGACTGTCTGGAGCGGTTCGGGCCACAGACGCTGGAGCGCAT
>ENSG00000130702(LAMA5)	3070	GCCCGGGCACCGCGGGGACCCAGGCTTTTCTGGTGATCCAGCGCCCTCCCCTCCCGCCATTCCCCGCAGCCTCCAAGAGGGACTGTCTGGAGCGGTTCGGG
>ENSG00000130702(LAMA5)	7030	GCGCCCTCCCCTCCCGCCATTCCCCGCAGCCTCCAAGAGGGACTGTCTGGAGCGGTTCGGGCCACAGACGCTGGAGCGCATCACACGGGACGACGCGGCCA
>ENSG00000125534(PPDPF)	5050	CCCATGCGCAGATCCCACCAGCCAGCAAGCTAAAGCATGGCGGCCATCCCCTCCAGCGGCTCGCTCGTGGCCACCCACGACTACTACCGGCGTGAGTAGCC
>ENSG00000125534(PPDPF)	3070	GCCAGCAAGCTAAAGCATGGCGGCCATCCCCTCCAGCGGCTCGCTCGTGGCCACCCACGACTACTACCGGCGTGAGTAGCCCCTGCCCCCCATCCACGCGG
>ENSG00000125534(PPDPF)	7030	ACCCGAGGGGCTCCTCCACCCCCATGCGCAGATCCCACCAGCCAGCAAGCTAAAGCATGGCGGCCATCCCCTCCAGCGGCTCGCTCGTGGCCACCCACGAC
>ENSG00000198743(SLC5A3)	5050	CCCCTTCGCGTCCCGGGAACCGGCTGGCTTCCGAGCCGCACTCGCCGATCCTCCAGGCATGCCCCGCTACGAGCTGGCTTTAATCCTGAAAGCCATGCAGC
>ENSG00000198743(SLC5A3)	3070	CGGCTGGCTTCCGAGCCGCACTCGCCGATCCTCCAGGCATGCCCCGCTACGAGCTGGCTTTAATCCTGAAAGCCATGCAGCGGGTAAGTGACCTTCCCTCA
>ENSG00000198743(SLC5A3)	7030	CCACTGTCCCCGCCGTCCCGCCCCTTCGCGTCCCGGGAACCGGCTGGCTTCCGAGCCGCACTCGCCGATCCTCCAGGCATGCCCCGCTACGAGCTGGCTTT
>ENSG00000157538(VPS26C)	5050	ATTCAGTCCAACACCAGGGAGTGTCTTTGACCATGGAAGGAACTGTAAACCTCCAGCTCAGTGCCAAAAGTGTGGGTGTGTTTGAAGCTTTTTATAATTCT
>ENSG00000157538(VPS26C)	3070	GGTGGTCATATCGAGTAAGGATTCAGTCCAACACCAGGGAGTGTCTTTGACCATGGAAGGAACTGTAAACCTCCAGCTCAGTGCCAAAAGTGTGGGTGTGT
>ENSG00000157538(VPS26C)	7030	GTGTCTTTGACCATGGAAGGAACTGTAAACCTCCAGCTCAGTGCCAAAAGTGTGGGTGTGTTTGAAGCTTTTTATAATTCTGTTAAGGTAAGAAAGAATGC
>ENSG00000160209(PDXK)	5050	GCCCGTTGCAGCCCAGAGCCACTGGTCCCTACAGGGCGCCGCCACACCAGCAGGAAGGAGGATGGCTGTGTCCGGAGCCTGGCGGGGAGGCGGCCTCCCCA
>ENSG00000160209(PDXK)	3070	ACTGGTCCCTACAGGGCGCCGCCACACCAGCAGGAAGGAGGATGGCTGTGTCCGGAGCCTGGCGGGGAGGCGGCCTCCCCAGTATGTGAGTGCAGGGATCT
>ENSG00000160209(PDXK)	7030	TCCGAGGACACGGGTGGCAGGCCCGTTGCAGCCCAGAGCCACTGGTCCCTACAGGGCGCCGCCACACCAGCAGGAAGGAGGATGGCTGTGTCCGGAGCCTG
>ENSG00000141959(PFKL)	5050	GGCCTCGTGGAGGGAGGTGAGAACATCAAGCAGGCCAACTGGCTGAGCGTCTCCAACATCATCCAGCTGGTGAGGCCTGGGAACGCGGATGCATGTTGCAC
>ENSG00000141959(PFKL)	3070	GAACATCAAGCAGGCCAACTGGCTGAGCGTCTCCAACATCATCCAGCTGGTGAGGCCTGGGAACGCGGATGCATGTTGCACTTGGACTCGCAGACAGACAC
>ENSG00000141959(PFKL)	7030	CTTGATTTCAGGGCTATGAGGGCCTCGTGGAGGGAGGTGAGAACATCAAGCAGGCCAACTGGCTGAGCGTCTCCAACATCATCCAGCTGGTGAGGCCTGGG
>ENSG00000186866(POFUT2)	5050	TCTGCCATTCGCTATTGAGAACTAGAAATGAGGAAGGACAGTTACGCTAACTCCAAAAGGCTGTCTAGGATGAGCTGCTTTATCAGGGAGCTCCTTGTACC
>ENSG00000186866(POFUT2)	3070	GTGCACATGGGGCCTCCAGGTCTGCCATTCGCTATTGAGAACTAGAAATGAGGAAGGACAGTTACGCTAACTCCAAAAGGCTGTCTAGGATGAGCTGCTTT
>ENSG00000186866(POFUT2)	7030	ACTAGAAATGAGGAAGGACAGTTACGCTAACTCCAAAAGGCTGTCTAGGATGAGCTGCTTTATCAGGGAGCTCCTTGTACCCATTTTACAGAAATCATTTT
>ENSG00000182871(COL18A1)	5050	CCACCTCTGCTTCTCTTCCCAGCTCAGACACTTCCTGGCTCAGATTCTGTCTCCACGTGGGACGGGAGTGTCCGGACCCCTGGGGGCCGCGTGAAAGAGGT
>ENSG00000182871(COL18A1)	3070	AGCTCAGACACTTCCTGGCTCAGATTCTGTCTCCACGTGGGACGGGAGTGTCCGGACCCCTGGGGGCCGCGTGAAAGAGGTAAGGCCACCTCCCTGTGCTC
>ENSG00000182871(COL18A1)	7030	CCCGGGGGGCGTGACCGTGGCCACCTCTGCTTCTCTTCCCAGCTCAGACACTTCCTGGCTCAGATTCTGTCTCCACGTGGGACGGGAGTGTCCGGACCCCT
>ENSG00000240972(MIF)	5050	GTCTACATCAACTATTACGACATGAACGCGGCCAATGTGGGCTGGAACAACTCCACCTTCGCCTAAGAGCCGCAGGGACCCACGCTGTCTGCGCTGGCTCC
>ENSG00000240972(MIF)	3070	CATGAACGCGGCCAATGTGGGCTGGAACAACTCCACCTTCGCCTAAGAGCCGCAGGGACCCACGCTGTCTGCGCTGGCTCCACCCGGGAACCCGCCGCACG
>ENSG00000240972(MIF)	7030	CGGCCTCCTCCCCCCGCAGGGTCTACATCAACTATTACGACATGAACGCGGCCAATGTGGGCTGGAACAACTCCACCTTCGCCTAAGAGCCGCAGGGACCC
>ENSG00000100028(SNRPD3)	5050	TTTGATGTAGTTCACTCTGGACCCGTACAGGAACACCAGCCTTGCAGATTCTCCACGCAATGGAAACTGGCTATAACCCTACCTAGATCTGAAAAGTGAAG
>ENSG00000100028(SNRPD3)	3070	ACCCGTACAGGAACACCAGCCTTGCAGATTCTCCACGCAATGGAAACTGGCTATAACCCTACCTAGATCTGAAAAGTGAAGGGGGATCAACCTAAAATATG
>ENSG00000100028(SNRPD3)	7030	CCTCGATATCAAAAGCGACTTTTGATGTAGTTCACTCTGGACCCGTACAGGAACACCAGCCTTGCAGATTCTCCACGCAATGGAAACTGGCTATAACCCTA
>ENSG00000100325(ASCC2)	5050	TCGACGAGGGGGTGGCCTCAGCCCCTGAGGTTGTTGACATGCAGAAGCGCCTCCATCGAAGTGTTTTTCTCACCTTCCTCCGCATGTCCACTCACAAGGAA
>ENSG00000100325(ASCC2)	3070	GCGCTATGTCCCCCGCAAATTCGACGAGGGGGTGGCCTCAGCCCCTGAGGTTGTTGACATGCAGAAGCGCCTCCATCGAAGTGTTTTTCTCACCTTCCTCC
>ENSG00000100325(ASCC2)	7030	GCCCCTGAGGTTGTTGACATGCAGAAGCGCCTCCATCGAAGTGTTTTTCTCACCTTCCTCCGCATGTCCACTCACAAGGAATCCAAAGTAAGCCACTGATC
>ENSG00000100403(ZC3H7B)	5050	CCTGTCTCCAGCCCACTGCCCCCCGCCTCCTTCGGCTTGGTCATGGACCCCTCCAAGAAGCTGGCCGCCTCTGTGCTGGATGCCCTCGATCCCCCGGGCCC
>ENSG00000100403(ZC3H7B)	3070	CCCCGCCTCCTTCGGCTTGGTCATGGACCCCTCCAAGAAGCTGGCCGCCTCTGTGCTGGATGCCCTCGATCCCCCGGGCCCCACGCTGGACCCCCTGGACC
>ENSG00000100403(ZC3H7B)	7030	CTGTGGTGGGTGGCTCCATCCCTGTCTCCAGCCCACTGCCCCCCGCCTCCTTCGGCTTGGTCATGGACCCCTCCAAGAAGCTGGCCGCCTCTGTGCTGGAT
>ENSG00000100239(PPP6R2)	5050	AGAACATGTTTGATGGAGACCGGACGGAGAGCTGCCTCGTCAGTGGGACTCAGGTGTTACTCACCTTGCTGGAAACCAGGCGGGTTGGGTGAGTCTCACGA
>ENSG00000100239(PPP6R2)	3070	CGGACGGAGAGCTGCCTCGTCAGTGGGACTCAGGTGTTACTCACCTTGCTGGAAACCAGGCGGGTTGGGTGAGTCTCACGAGGAGAAATCGTGTAGAGCTG
>ENSG00000100239(PPP6R2)	7030	CTGTGTGGAGCAGCTTCTGAAGAACATGTTTGATGGAGACCGGACGGAGAGCTGCCTCGTCAGTGGGACTCAGGTGTTACTCACCTTGCTGGAAACCAGGC
>ENSG00000132182(NUP210)	5050	GAAAACATCCTTCTGAACCCGGCCTATGACGTCTACCTGATGGTGGGAACCTCCATTCACTACAAGGTGCAGAAGATCAGGCAAGGGAAAATTACAGGTGT
>ENSG00000132182(NUP210)	3070	AAGTCAGGCTGCTGATTTTGGAAAACATCCTTCTGAACCCGGCCTATGACGTCTACCTGATGGTGGGAACCTCCATTCACTACAAGGTGCAGAAGATCAGG
>ENSG00000132182(NUP210)	7030	GGCCTATGACGTCTACCTGATGGTGGGAACCTCCATTCACTACAAGGTGCAGAAGATCAGGCAAGGGAAAATTACAGGTGTGTCATTGGCTCTGCCATCAT
>ENSG00000114745(GORASP1)	5050	TTGCCGGCCTGCGCCCCTACACAGACTATGTGGTTGGTTCGGACCAGATTCTCCAGGAGGTGAGGAACCCGCAATTTGCCCCTCCCCAGACCCTCTGGATG
>ENSG00000114745(GORASP1)	3070	ACCATCTTCACCTGCTGCCCTTGCCGGCCTGCGCCCCTACACAGACTATGTGGTTGGTTCGGACCAGATTCTCCAGGAGGTGAGGAACCCGCAATTTGCCC
>ENSG00000114745(GORASP1)	7030	ACAGACTATGTGGTTGGTTCGGACCAGATTCTCCAGGAGGTGAGGAACCCGCAATTTGCCCCTCCCCAGACCCTCTGGATGTGGTGTGAAGAGAAGGGTGC
>ENSG00000114270(COL7A1)	5050	TCCGTGAGCTTAGCTACAAGGGGGGCAACACTCGCACAGGGGCTGCAATTCTCCATGTGGCTGACCATGTCTTCCTGCCCCAGCTGGCCCGACCTGGTGTC
>ENSG00000114270(COL7A1)	3070	GGGTGATGTGATCCGCGCCATCCGTGAGCTTAGCTACAAGGGGGGCAACACTCGCACAGGGGCTGCAATTCTCCATGTGGCTGACCATGTCTTCCTGCCCC
>ENSG00000114270(COL7A1)	7030	GGGGGCAACACTCGCACAGGGGCTGCAATTCTCCATGTGGCTGACCATGTCTTCCTGCCCCAGCTGGCCCGACCTGGTGTCCCCAAGGTGATCCCTACCCC
>ENSG00000164062(APEH)	5050	CCCTGCAGCTGGCCTTGACTTTGAAGCAATCCTGCTGCAGCCTGGCAGCCCTCCAGATAAGACCCAAGTGCCCATGGTGGTCATGCCCCACGGTAGGCATC
>ENSG00000164062(APEH)	3070	TTGAAGCAATCCTGCTGCAGCCTGGCAGCCCTCCAGATAAGACCCAAGTGCCCATGGTGGTCATGCCCCACGGTAGGCATCTGGCGTTAAGAGCCCTTGCC
>ENSG00000164062(APEH)	7030	CCTGCTGACTGCTGCCCTCTCCCTGCAGCTGGCCTTGACTTTGAAGCAATCCTGCTGCAGCCTGGCAGCCCTCCAGATAAGACCCAAGTGCCCATGGTGGT
>ENSG00000243989(ACY1)	5050	GGTGGGCGGACCGGGGCGGTCCTGAGCCTGCGACCTCGCAGGCGACCTCGCTGGACCCTAAGTCCAGGCCACAGTCAGGGAAGGGCGCTGAGAGGCGAGCG
>ENSG00000243989(ACY1)	3070	CCTGAGCCTGCGACCTCGCAGGCGACCTCGCTGGACCCTAAGTCCAGGCCACAGTCAGGGAAGGGCGCTGAGAGGCGAGCGTGAGCCCAGCGACAGGAGAG
>ENSG00000243989(ACY1)	7030	ACATCCGGCCTCGGCCACGTGGTGGGCGGACCGGGGCGGTCCTGAGCCTGCGACCTCGCAGGCGACCTCGCTGGACCCTAAGTCCAGGCCACAGTCAGGGA
>ENSG00000082781(ITGB5)	5050	GTGGCGGCGGGGCGCGGGCCAGCGCGGGCGCCGTGAGCCGGAGCTGCGCGCGGGGCATGCGGCTGCGGCCCCCGGCCCTCGGCCCCCGCGCTCCGGCCCCA
>ENSG00000082781(ITGB5)	3070	TGAGTGCTGCGGGACGGATGGTGGCGGCGGGGCGCGGGCCAGCGCGGGCGCCGTGAGCCGGAGCTGCGCGCGGGGCATGCGGCTGCGGCCCCCGGCCCTCG
>ENSG00000082781(ITGB5)	7030	AGCGCGGGCGCCGTGAGCCGGAGCTGCGCGCGGGGCATGCGGCTGCGGCCCCCGGCCCTCGGCCCCCGCGCTCCGGCCCCAGCCCCGGCCGCCGGCCCCCG
>ENSG00000163902(RPN1)	5050	GTCACCAAGATCGACCACATCCTGGATGCCCTGTAGCCCCTGCCCGCATCCTCCAGGGGGCCCAGGGTGCCTGCACTTTGCTGTGGCAGGCAGATTGGGTG
>ENSG00000163902(RPN1)	3070	CAGGAAAGCGCCAGGAGCTGGTCACCAAGATCGACCACATCCTGGATGCCCTGTAGCCCCTGCCCGCATCCTCCAGGGGGCCCAGGGTGCCTGCACTTTGC
>ENSG00000163902(RPN1)	7030	CCTGGATGCCCTGTAGCCCCTGCCCGCATCCTCCAGGGGGCCCAGGGTGCCTGCACTTTGCTGTGGCAGGCAGATTGGGTGGTAGTGGGAGGTTGTGCATG
>ENSG00000175166(PSMD2)	5050	GGAGATGGAGGAGGGAGGCCGGGACAAGGCGCCGGTGCAGCCCCAGCAGTCTCCAGCGGCGGCCCCCGGCGGCACGGACGAGAAGCCGAGCGGCAAGGAGC
>ENSG00000175166(PSMD2)	3070	GGGACAAGGCGCCGGTGCAGCCCCAGCAGTCTCCAGCGGCGGCCCCCGGCGGCACGGACGAGAAGCCGAGCGGCAAGGAGCGGCGGGATGCCGGGGACAAG
>ENSG00000175166(PSMD2)	7030	AGCGGGCCGGCAGTGGCGGCGGAGATGGAGGAGGGAGGCCGGGACAAGGCGCCGGTGCAGCCCCAGCAGTCTCCAGCGGCGGCCCCCGGCGGCACGGACGA
>ENSG00000174227(PIGG)	5050	GACGGGCCTGGCTGTGATGTCCTGGAGCGAGACAAAGGCCACGGAAGCCCCTCTACCTCCGAAGTGCTCAGAGGCCGCGAGAAGTGGATGGTGCTGGCCAG
>ENSG00000174227(PIGG)	3070	CCTGGAGCGAGACAAAGGCCACGGAAGCCCCTCTACCTCCGAAGTGCTCAGAGGCCGCGAGAAGTGGATGGTGCTGGCCAGTCCGTGGCTAATACTGGCCT
>ENSG00000174227(PIGG)	7030	GGGCCACAGCAGCGTGGCAGGACGGGCCTGGCTGTGATGTCCTGGAGCGAGACAAAGGCCACGGAAGCCCCTCTACCTCCGAAGTGCTCAGAGGCCGCGAG
>ENSG00000063978(RNF4)	5050	GTATTCAGAGCCCCCCAGGAGAGACGGATGGACAGACAGACAGCCAGGTTCTCCAGTGGTATCTGCCTCCATTTTCCTGAGATCAAAAAGACTGTTTCGAA
>ENSG00000063978(RNF4)	3070	GAGACGGATGGACAGACAGACAGCCAGGTTCTCCAGTGGTATCTGCCTCCATTTTCCTGAGATCAAAAAGACTGTTTCGAAACCAACATCTGATATGTAAA
>ENSG00000063978(RNF4)	7030	CCACCCCATTTATATATGAAGTATTCAGAGCCCCCCAGGAGAGACGGATGGACAGACAGACAGCCAGGTTCTCCAGTGGTATCTGCCTCCATTTTCCTGAG
>ENSG00000138744(NAAA)	5050	GTTGGACTTTTCCCTTTTCTCAGGTTCTGCACCAGTATTGTGGCTCAAGACTCCAGAGGCCACATTTACCATGGTCGGAATTTGGATTATCCTTTTGGGAA
>ENSG00000138744(NAAA)	3070	TATTTGTCTTATTCATTCATGTTGGACTTTTCCCTTTTCTCAGGTTCTGCACCAGTATTGTGGCTCAAGACTCCAGAGGCCACATTTACCATGGTCGGAAT
>ENSG00000138744(NAAA)	7030	CAGGTTCTGCACCAGTATTGTGGCTCAAGACTCCAGAGGCCACATTTACCATGGTCGGAATTTGGATTATCCTTTTGGGAATGTCTTACGCAAGCTGACAG
>ENSG00000163319(MRPS18C)	5050	TTTTTCCCCTCCACATAAAACTCCAAAACAGCTTTTGTCCCAGTTTGTTTCTCCATTTACTGGATGCATTTATGGAAGGCACATTACAGGTATGTTCTTTT
>ENSG00000163319(MRPS18C)	3070	CTCCAAAACAGCTTTTGTCCCAGTTTGTTTCTCCATTTACTGGATGCATTTATGGAAGGCACATTACAGGTATGTTCTTTTTTATTATGGGAATATAAATG
>ENSG00000163319(MRPS18C)	7030	AAATAAATAACAGATACTTTTTTTTCCCCTCCACATAAAACTCCAAAACAGCTTTTGTCCCAGTTTGTTTCTCCATTTACTGGATGCATTTATGGAAGGCA
>ENSG00000197894(ADH5)	5050	CCATCCTGTCGTGATGTGATAGGAGCAGCTTAACAGGCAGGGAGAAGCGCCTCCAACCTCACAGCCTCGTAGAGCTTCACAGCTACTCCAGAAAATAGGGT
>ENSG00000197894(ADH5)	3070	TCAAAAGAGAAAAATAATGTCCATCCTGTCGTGATGTGATAGGAGCAGCTTAACAGGCAGGGAGAAGCGCCTCCAACCTCACAGCCTCGTAGAGCTTCACA
>ENSG00000197894(ADH5)	7030	AGGAGCAGCTTAACAGGCAGGGAGAAGCGCCTCCAACCTCACAGCCTCGTAGAGCTTCACAGCTACTCCAGAAAATAGGGTTATGTGTGTCATTCATGAAT
>ENSG00000038382(TRIO)	5050	GGCCGGCGCCCGGGAGGCCGTGGCTCCGCGCCTCCGCCCCTCGGCCAGCTCGCGGCTACCGGGCGGAGTCCTCGTCTATGTGGGCGCGCTCCTTGGGCCGA
>ENSG00000038382(TRIO)	3070	TGGCTCCGCGCCTCCGCCCCTCGGCCAGCTCGCGGCTACCGGGCGGAGTCCTCGTCTATGTGGGCGCGCTCCTTGGGCCGAGCCGCCGCCGCCGCCCCCCG
>ENSG00000038382(TRIO)	7030	CGTGCTGCTGCCCGCGCTCCGGCCGGCGCCCGGGAGGCCGTGGCTCCGCGCCTCCGCCCCTCGGCCAGCTCGCGGCTACCGGGCGGAGTCCTCGTCTATGT
>ENSG00000152700(SAR1B)	5050	CAGTTCGGTCTCCTGGTGTACGGCCAACGCCAAGTAGGGGATTGCGTTCCCTCCAGTCGCAGGTGAGTGACAGCCCCTCCTTCTGGGAGGACCGGTGGGCA
>ENSG00000152700(SAR1B)	3070	ACGGCAGCCATCGCGCTTTGCAGTTCGGTCTCCTGGTGTACGGCCAACGCCAAGTAGGGGATTGCGTTCCCTCCAGTCGCAGGTGAGTGACAGCCCCTCCT
>ENSG00000152700(SAR1B)	7030	CGGCCAACGCCAAGTAGGGGATTGCGTTCCCTCCAGTCGCAGGTGAGTGACAGCCCCTCCTTCTGGGAGGACCGGTGGGCAGCAGCTATGGATCCCCTAGA
>ENSG00000131507(NDFIP1)	5050	GACCACTTCAGCTGCAGGAAGGTATGGGGCCATTTCAGGATTTGGTCTCTCTCTAATTAAATGGATCCTGATTGTCAGGGTAAGTTGTATAACAGAAAAGA
>ENSG00000131507(NDFIP1)	3070	GGTATGGGGCCATTTCAGGATTTGGTCTCTCTCTAATTAAATGGATCCTGATTGTCAGGGTAAGTTGTATAACAGAAAAGATGGGCTCTACAGAGAGGCAA
>ENSG00000131507(NDFIP1)	7030	TTTTTCCTGTCTTTTTGCCTGACCACTTCAGCTGCAGGAAGGTATGGGGCCATTTCAGGATTTGGTCTCTCTCTAATTAAATGGATCCTGATTGTCAGGGT
>ENSG00000113721(PDGFRB)	5050	TCTGACGGCCATGAGTACATCTACGTGGACCCCATGCAGCTGCCCTATGACTCCACGTGGGAGCTGCCGCGGGACCAGCTTGTGCTGGGTCAGTCCTGAGA
>ENSG00000113721(PDGFRB)	3070	AGGTGATTGAGTCTGTGAGCTCTGACGGCCATGAGTACATCTACGTGGACCCCATGCAGCTGCCCTATGACTCCACGTGGGAGCTGCCGCGGGACCAGCTT
>ENSG00000113721(PDGFRB)	7030	CTACGTGGACCCCATGCAGCTGCCCTATGACTCCACGTGGGAGCTGCCGCGGGACCAGCTTGTGCTGGGTCAGTCCTGAGAGGCCTCATGTGGCAGTGTGG
>ENSG00000164611(PTTG1)	5050	GCTTGAAAAGCTGTTTCAGCTGGGCCCCCCTTCACCTGTGAAGATGCCCTCTCCACCATGGGAATCCAGTAAGTGAGCAAGTGCCCTTCTGGAAGGGCTGC
>ENSG00000164611(PTTG1)	3070	TGGGCCCCCCTTCACCTGTGAAGATGCCCTCTCCACCATGGGAATCCAGTAAGTGAGCAAGTGCCCTTCTGGAAGGGCTGCAAACAATTTGTTTCATAACA
>ENSG00000164611(PTTG1)	7030	ATCCTTGACGAGGAGAGAGAGCTTGAAAAGCTGTTTCAGCTGGGCCCCCCTTCACCTGTGAAGATGCCCTCTCCACCATGGGAATCCAGTAAGTGAGCAAG
>ENSG00000113269(RNF130)	5050	TTGACTCCCCCAAGGCCGAGGTCCGCGGCCAGGTGCTGGCGCCGCTGCCCCTCCACGGAGGTGAGTGCCGGCCCGGGGGCGGCGGGCGGTGGTCGCTGCAT
>ENSG00000113269(RNF130)	3070	CGACCGCGGGCGCTACGGGCTTGACTCCCCCAAGGCCGAGGTCCGCGGCCAGGTGCTGGCGCCGCTGCCCCTCCACGGAGGTGAGTGCCGGCCCGGGGGCG
>ENSG00000113269(RNF130)	7030	GTCCGCGGCCAGGTGCTGGCGCCGCTGCCCCTCCACGGAGGTGAGTGCCGGCCCGGGGGCGGCGGGCGGTGGTCGCTGCATCCCGCGTAGGCGGCGGGACT
>ENSG00000145982(FARS2)	5050	GTATGTGGGCCGCTTTGGGACCCCGTTGTTCTCGGTCTACGACAACCTTTCTCCAGTGGTCACGACCTGGCAGAACTTTGACAGCCTGCTCATCCCAGCTG
>ENSG00000145982(FARS2)	3070	CCCCGTTGTTCTCGGTCTACGACAACCTTTCTCCAGTGGTCACGACCTGGCAGAACTTTGACAGCCTGCTCATCCCAGCTGATCACCCCAGCAGGAAGAAG
>ENSG00000145982(FARS2)	7030	AAGGAGCACTTCTACAAGCAGTATGTGGGCCGCTTTGGGACCCCGTTGTTCTCGGTCTACGACAACCTTTCTCCAGTGGTCACGACCTGGCAGAACTTTGA
>ENSG00000206503(HLA-A)	5050	CGGGACGAGGGTCGGGCAGGTCTCAGCCACTGCTCGCCCCCAGGCTCCCACTCCATGAGGTATTTCTTCACATCCGTGTCCCGGCCCGGCCGCGGGGAGCC
>ENSG00000206503(HLA-A)	3070	TCTCAGCCACTGCTCGCCCCCAGGCTCCCACTCCATGAGGTATTTCTTCACATCCGTGTCCCGGCCCGGCCGCGGGGAGCCCCGCTTCATCGCCGTGGGCT
>ENSG00000206503(HLA-A)	7030	CAGGACCGGGGGAGCCGCGCCGGGACGAGGGTCGGGCAGGTCTCAGCCACTGCTCGCCCCCAGGCTCCCACTCCATGAGGTATTTCTTCACATCCGTGTCC
>ENSG00000204525(HLA-C)	5050	AGGGAGGTGGGTCGGGCGGGTCTCAGCCCCTCCTCGCCCCCAGGCTCCCACTCCATGAGGTATTTCGACACCGCCGTGTCCCGGCCCGGCCGCGGAGAGCC
>ENSG00000204525(HLA-C)	3070	CAGGACCCGGGGAGCCGCGCAGGGAGGTGGGTCGGGCGGGTCTCAGCCCCTCCTCGCCCCCAGGCTCCCACTCCATGAGGTATTTCGACACCGCCGTGTCC
>ENSG00000204525(HLA-C)	7030	TCTCAGCCCCTCCTCGCCCCCAGGCTCCCACTCCATGAGGTATTTCGACACCGCCGTGTCCCGGCCCGGCCGCGGAGAGCCCCGCTTCATCTCAGTGGGCT
>ENSG00000204463(BAG6)	5050	GCCAGGCTTCCCAACAGCTCCAACCCGGGTGGTGATTGCCCGGCCCACTCCTCCACAGGCTCGGCCTTCCCATCCTGGAGGGCCCCCAGTCTCTGGGACAC
>ENSG00000204463(BAG6)	3070	CCACCCACAGGACAGCAGGTGCCAGGCTTCCCAACAGCTCCAACCCGGGTGGTGATTGCCCGGCCCACTCCTCCACAGGCTCGGCCTTCCCATCCTGGAGG
>ENSG00000204463(BAG6)	7030	CAACCCGGGTGGTGATTGCCCGGCCCACTCCTCCACAGGCTCGGCCTTCCCATCCTGGAGGGCCCCCAGTCTCTGGGACACTGGTGAGCAAGGGTCGGGGA
>ENSG00000213722(DDAH2)	5050	TCAAACCTCCGCGGCCTCCCGGACTCAGGCCGGGAGTTTTTCGTAGGCCTCTCCAAATGGACCAATCACCGAGGAGCTGAGATCGTGGCGGACACGTTCCG
>ENSG00000213722(DDAH2)	3070	TTTCTAACTCACTCCCGCCCTCAAACCTCCGCGGCCTCCCGGACTCAGGCCGGGAGTTTTTCGTAGGCCTCTCCAAATGGACCAATCACCGAGGAGCTGAG
>ENSG00000213722(DDAH2)	7030	GGACTCAGGCCGGGAGTTTTTCGTAGGCCTCTCCAAATGGACCAATCACCGAGGAGCTGAGATCGTGGCGGACACGTTCCGGGTGCGGAGCGGGACCAGCC
>ENSG00000204310(AGPAT1)	5050	CCCTTGCCCAGATGCCCAGGGTCGTGCACTCTCTGGGATACCAGTTCAGTCTCCACATTTCTGGTTTTCTGTCCCCATAGTACAGTTCTTCAGTGGACATG
>ENSG00000204310(AGPAT1)	3070	ATTCAGAGGTCTCATGCCTGCCCTTGCCCAGATGCCCAGGGTCGTGCACTCTCTGGGATACCAGTTCAGTCTCCACATTTCTGGTTTTCTGTCCCCATAGT
>ENSG00000204310(AGPAT1)	7030	GTCGTGCACTCTCTGGGATACCAGTTCAGTCTCCACATTTCTGGTTTTCTGTCCCCATAGTACAGTTCTTCAGTGGACATGACCCCACCCAGCCCCCTGCA
>ENSG00000161904(LEMD2)	5050	GGAGCGCTATCCATATGTAGGCATCCTGCACGTGCGCGACAGCTTGATCCCTCCACAGAGCCGGTGAGTCCCTGGCTGGGGCGCTGGGTGTGAGGTAAGAT
>ENSG00000161904(LEMD2)	3070	GTGGACTGGGAGCAGGACATGGAGCGCTATCCATATGTAGGCATCCTGCACGTGCGCGACAGCTTGATCCCTCCACAGAGCCGGTGAGTCCCTGGCTGGGG
>ENSG00000161904(LEMD2)	7030	GCATCCTGCACGTGCGCGACAGCTTGATCCCTCCACAGAGCCGGTGAGTCCCTGGCTGGGGCGCTGGGTGTGAGGTAAGATGGGGTCCGACCCCACTGAGC
>ENSG00000112576(CCND3)	5050	ACCCGAAAGGCGCAGTTGCAGCTCCTGGGTGCGGTCTGCATGCTGCTGGCCTCCAAGCTGCGCGAGACCACGCCCCTGACCATCGAAAAACTGTGCATCTA
>ENSG00000112576(CCND3)	3070	GCTACCTGTCTTGCGTCCCCACCCGAAAGGCGCAGTTGCAGCTCCTGGGTGCGGTCTGCATGCTGCTGGCCTCCAAGCTGCGCGAGACCACGCCCCTGACC
>ENSG00000112576(CCND3)	7030	GCTCCTGGGTGCGGTCTGCATGCTGCTGGCCTCCAAGCTGCGCGAGACCACGCCCCTGACCATCGAAAAACTGTGCATCTACACCGACCACGCTGTCTCTC
>ENSG00000044090(CUL7)	5050	TCTTCATCAAGAAGCTGGATGGACCTGACCATCAGGAGGTTCTCCAGATCCTCCAGGAGAACCTAGATGGGGAGGTAGAGCCAGCCTGGAGACACTCAGAG
>ENSG00000044090(CUL7)	3070	TGAGTGGTGGGAACTCCTCTTCTTCATCAAGAAGCTGGATGGACCTGACCATCAGGAGGTTCTCCAGATCCTCCAGGAGAACCTAGATGGGGAGGTAGAGC
>ENSG00000044090(CUL7)	7030	GGACCTGACCATCAGGAGGTTCTCCAGATCCTCCAGGAGAACCTAGATGGGGAGGTAGAGCCAGCCTGGAGACACTCAGAGGTTGGAGGGCTCTATTGCAA
>ENSG00000157593(SLC35B2)	5050	GTGTCTCGGCGCAGCTACGAACACTGGGAGTACCTGACAGCCACCCTCATCTCCATTGGGGTCAGCATGTTTCTGCTATCCAGCGGACCAGAGCCCCGCAG
>ENSG00000157593(SLC35B2)	3070	TCATGCTGATGGGAAAGCTTGTGTCTCGGCGCAGCTACGAACACTGGGAGTACCTGACAGCCACCCTCATCTCCATTGGGGTCAGCATGTTTCTGCTATCC
>ENSG00000157593(SLC35B2)	7030	ACACTGGGAGTACCTGACAGCCACCCTCATCTCCATTGGGGTCAGCATGTTTCTGCTATCCAGCGGACCAGAGCCCCGCAGCTCCCCAGCCACCACACTCT
>ENSG00000146376(ARHGAP18)	5050	TTTTAGTAGTACTTTAGGAAAAACTACACATTCTCAGAAGCTCTTGATGTCTCTAATGAAGGGGGGGAATGCTGTTAATGAGAACAGTCATAAATTTTTAG
>ENSG00000146376(ARHGAP18)	3070	ACAAACGGTGTTCATGATACTTTTAGTAGTACTTTAGGAAAAACTACACATTCTCAGAAGCTCTTGATGTCTCTAATGAAGGGGGGGAATGCTGTTAATGA
>ENSG00000146376(ARHGAP18)	7030	AAACTACACATTCTCAGAAGCTCTTGATGTCTCTAATGAAGGGGGGGAATGCTGTTAATGAGAACAGTCATAAATTTTTAGCATATAATTACAAGAACAGC
>ENSG00000291237(SOD2)	5050	AAGCTTTGTCTAAAAACTTGGGGTCCGCAGAAAGGAACATTAAGGTCTGGCCAGGCCCCTCAGGAAGAAACTGAGAGCAAAGAATGGAGGTCAGAGTTTAG
>ENSG00000291237(SOD2)	3070	TGTGATTGGTTAAGGAAGCAAAGCTTTGTCTAAAAACTTGGGGTCCGCAGAAAGGAACATTAAGGTCTGGCCAGGCCCCTCAGGAAGAAACTGAGAGCAAA
>ENSG00000291237(SOD2)	7030	GGGTCCGCAGAAAGGAACATTAAGGTCTGGCCAGGCCCCTCAGGAAGAAACTGAGAGCAAAGAATGGAGGTCAGAGTTTAGTCCCTGGTGTTCCCCCTTAT
>ENSG00000164880(INTS1)	5050	CCCACCCGACCTGGGAGTGACCCACATGTCTCTTTGTCCCTTGCGCAGTCCTCCAGGGGCTGATCGAGGTGAGGTCCCCCCACCTGGAGGAGCTGCTGACT
>ENSG00000164880(INTS1)	3070	CCCACACCCACTCAGCGGCCCCCACCCGACCTGGGAGTGACCCACATGTCTCTTTGTCCCTTGCGCAGTCCTCCAGGGGCTGATCGAGGTGAGGTCCCCCC
>ENSG00000164880(INTS1)	7030	CCCACATGTCTCTTTGTCCCTTGCGCAGTCCTCCAGGGGCTGATCGAGGTGAGGTCCCCCCACCTGGAGGAGCTGCTGACTGCATTCTTCTCTGCCACTGC
>ENSG00000136295(TTYH3)	5050	GCCATGCAGGGGCCCTGCTGATGCCTCCCCCTTGTCTCCCTCCAGTACACCTCCAGCATGAGAGCCAAATACCTCGCCACGAGCCAGCCTCGCCCTGACTC
>ENSG00000136295(TTYH3)	3070	ATGCCTCCCCCTTGTCTCCCTCCAGTACACCTCCAGCATGAGAGCCAAATACCTCGCCACGAGCCAGCCTCGCCCTGACTCCAGCGGCAGCCACTAGACCG
>ENSG00000136295(TTYH3)	7030	AGGCGCCCCTGGCTGCGTGCGCCATGCAGGGGCCCTGCTGATGCCTCCCCCTTGTCTCCCTCCAGTACACCTCCAGCATGAGAGCCAAATACCTCGCCACG
>ENSG00000105926(PALS2)	5050	AGGGTGTGACATTTAGGGTTGAAAATAATGATCTGGTAATTGCCCGAATCCTCCATGGGGGAATGATAGATCGACAAGGTCTACTTCATGTGGGAGATATA
>ENSG00000105926(PALS2)	3070	GAAAATAATGATCTGGTAATTGCCCGAATCCTCCATGGGGGAATGATAGATCGACAAGGTCTACTTCATGTGGGAGATATAATTAAAGAAGTCAATGGCCA
>ENSG00000105926(PALS2)	7030	ATCTGTTTCTTATTTTTCATAGGGTGTGACATTTAGGGTTGAAAATAATGATCTGGTAATTGCCCGAATCCTCCATGGGGGAATGATAGATCGACAAGGTC
>ENSG00000136193(SCRN1)	5050	CAGGTGTCTTCTGGGGGGCAGAACCAATTGGAAGGAAGAAAGGGACCCCTCTCCAGTCCTGGCTCCTTCCTACATCCTGGGCTCCTGAAGAAGCTGTCTTC
>ENSG00000136193(SCRN1)	3070	TGTAGTGCACAGTGTCTCTACAGGTGTCTTCTGGGGGGCAGAACCAATTGGAAGGAAGAAAGGGACCCCTCTCCAGTCCTGGCTCCTTCCTACATCCTGGG
>ENSG00000136193(SCRN1)	7030	GAACCAATTGGAAGGAAGAAAGGGACCCCTCTCCAGTCCTGGCTCCTTCCTACATCCTGGGCTCCTGAAGAAGCTGTCTTCCCATTTTCCATGCGCTGTGC
>ENSG00000136279(DBNL)	5050	TGTGTTCCCTGGTGCAGATCTCCCTGCTGAGGAGCCGGCGCCCAGCACTCCTCCATGTCTGGTGCAGGCAGAAGAGGAGGCTGTGTATGAGGAACCTCCAG
>ENSG00000136279(DBNL)	3070	TCCCTGCTGAGGAGCCGGCGCCCAGCACTCCTCCATGTCTGGTGCAGGCAGAAGAGGAGGCTGTGTATGAGGAACCTCCAGAGCAGGAGACCTTCTACGAG
>ENSG00000136279(DBNL)	7030	GTGTGGGAGTGAGAACCTGCTGTGTTCCCTGGTGCAGATCTCCCTGCTGAGGAGCCGGCGCCCAGCACTCCTCCATGTCTGGTGCAGGCAGAAGAGGAGGC
>ENSG00000105953(OGDH)	5050	TTCAAGAACTTCTCGTAGATGCTGCCTAGGGTTGCTTGGGCCACTGCCCTCTCCACACCCATGACTGCCCCTTGCTTCTCAACTAAAGAATAGTGCCTCAG
>ENSG00000105953(OGDH)	3070	GCTGCCTAGGGTTGCTTGGGCCACTGCCCTCTCCACACCCATGACTGCCCCTTGCTTCTCAACTAAAGAATAGTGCCTCAGCGCTGCCCACACCACCGCCC
>ENSG00000105953(OGDH)	7030	CGGCCTTCGACCTGGACGTCTTCAAGAACTTCTCGTAGATGCTGCCTAGGGTTGCTTGGGCCACTGCCCTCTCCACACCCATGACTGCCCCTTGCTTCTCA
>ENSG00000176410(DNAJC30)	5050	GGCGACTGCTCGTATTCGCGCACGGCGCTGTATGATCTGCTCGGCGTCCCCTCCACAGCCACGCAGGCCCAAATCAAGGCGGCTTACTACCGTCAGTGCTT
>ENSG00000176410(DNAJC30)	3070	GAGCGAGGACTTATTCCCAGGGCGACTGCTCGTATTCGCGCACGGCGCTGTATGATCTGCTCGGCGTCCCCTCCACAGCCACGCAGGCCCAAATCAAGGCG
>ENSG00000176410(DNAJC30)	7030	CACGGCGCTGTATGATCTGCTCGGCGTCCCCTCCACAGCCACGCAGGCCCAAATCAAGGCGGCTTACTACCGTCAGTGCTTTCTCTACCACCCGGACCGCA
>ENSG00000127952(STYXL1)	5050	TGTGACCCCAAGATTCAGAAGGACTTGAAAATCAAAGCCCATGTCAATGTCTCCATGGATACAGGGCCCTTGTAAGTAAAGAGAAACTACTGATTTATATT
>ENSG00000127952(STYXL1)	3070	TTGGCAATTTCAGTCAAGCCTGTGACCCCAAGATTCAGAAGGACTTGAAAATCAAAGCCCATGTCAATGTCTCCATGGATACAGGGCCCTTGTAAGTAAAG
>ENSG00000127952(STYXL1)	7030	GGACTTGAAAATCAAAGCCCATGTCAATGTCTCCATGGATACAGGGCCCTTGTAAGTAAAGAGAAACTACTGATTTATATTTCATTTTATTTTTTATATAA
>ENSG00000146701(MDH2)	5050	TGGCACCAGCCAGGCTGACCTGTCTGTGCCCCCCTAGGCTCTGCCACCCTCTCCATGGCGTATGCCGGCGCCCGCTTTGTCTTCTCCCTTGTGGATGCAAT
>ENSG00000146701(MDH2)	3070	TGTCTGTGCCCCCCTAGGCTCTGCCACCCTCTCCATGGCGTATGCCGGCGCCCGCTTTGTCTTCTCCCTTGTGGATGCAATGAATGGAAAGGAAGGTGTTG
>ENSG00000146701(MDH2)	7030	TCACCTGGGCGTCACGTTTGTGGCACCAGCCAGGCTGACCTGTCTGTGCCCCCCTAGGCTCTGCCACCCTCTCCATGGCGTATGCCGGCGCCCGCTTTGTC
>ENSG00000248919(ATP5MF-PTCD1)	5050	CATTCCCTACCCAGCAGCCCTCGCGCGGTCCGGCACAGCGGACACCAGGACTCCAAAATGGCGTCAGTTGGTGAGTGTCCGGCCCCAGGTAAGGCTGTTTG
>ENSG00000248919(ATP5MF-PTCD1)	3070	ACGCCCCTGGATGGGGCGTGCATTCCCTACCCAGCAGCCCTCGCGCGGTCCGGCACAGCGGACACCAGGACTCCAAAATGGCGTCAGTTGGTGAGTGTCCG
>ENSG00000248919(ATP5MF-PTCD1)	7030	TCGCGCGGTCCGGCACAGCGGACACCAGGACTCCAAAATGGCGTCAGTTGGTGAGTGTCCGGCCCCAGGTAAGGCTGTTTGGACTCCGTGGTGGAAGCAGG
>ENSG00000257923(CUX1)	5050	TGGCCGCCAAGGAGCGGGAGATCGCACAGCTGGTGGAGGACGTGCAGAGACTCCAGGCCAGCCTCACCAAGCTGCGGGAGAATTCGGCCAGCCAGATCTCA
>ENSG00000257923(CUX1)	3070	ATCGCACAGCTGGTGGAGGACGTGCAGAGACTCCAGGCCAGCCTCACCAAGCTGCGGGAGAATTCGGCCAGCCAGATCTCACAGCTTGAGCAGCAGCTGAG
>ENSG00000257923(CUX1)	7030	CTCCAGCCTAGAAGTTGAGTTGGCCGCCAAGGAGCGGGAGATCGCACAGCTGGTGGAGGACGTGCAGAGACTCCAGGCCAGCCTCACCAAGCTGCGGGAGA
>ENSG00000134013(LOXL2)	5050	TTAGACAATCTCCACTGTACTGGCAACGAGGCGACCCTTGCAGCATGCACCTCCAATGGCTGGGGCGTCACTGACTGCAAGCACACGGAGGATGTCGGTGT
>ENSG00000134013(LOXL2)	3070	CTCCTTCAGGGCCCATCTGGTTAGACAATCTCCACTGTACTGGCAACGAGGCGACCCTTGCAGCATGCACCTCCAATGGCTGGGGCGTCACTGACTGCAAG
>ENSG00000134013(LOXL2)	7030	TGGCAACGAGGCGACCCTTGCAGCATGCACCTCCAATGGCTGGGGCGTCACTGACTGCAAGCACACGGAGGATGTCGGTGTGGTGTGCAGCGACAAAAGGA
>ENSG00000168077(SCARA3)	5050	GGTTGAAAAGCCCCAAGGAAACCTTTGCGGGTGGGGCGTTACTGCCAAAACTCCAGAGGCAAAGTGGACCTGGCAACCACAAGACCCTCCCCATAAGCAGG
>ENSG00000168077(SCARA3)	3070	ACCTTTGCGGGTGGGGCGTTACTGCCAAAACTCCAGAGGCAAAGTGGACCTGGCAACCACAAGACCCTCCCCATAAGCAGGGGACCAGCATACCCGGGAGC
>ENSG00000168077(SCARA3)	7030	AGTTTCCCAGGGCTCCCTGGGGTTGAAAAGCCCCAAGGAAACCTTTGCGGGTGGGGCGTTACTGCCAAAACTCCAGAGGCAAAGTGGACCTGGCAACCACA
>ENSG00000160886(LY6K)	5050	ATGGGTGAGAGCTGTGGTGGGCTGTGGCTGGCCATCCTCCTGCTGCTGGCCTCCATTGCAGCCGGCCTCAGCCTGTCTTGAGCCACGGGACTGCCACAGAC
>ENSG00000160886(LY6K)	3070	GCTGTGGCTGGCCATCCTCCTGCTGCTGGCCTCCATTGCAGCCGGCCTCAGCCTGTCTTGAGCCACGGGACTGCCACAGACTGAGCCTTCCGGAGCATGGA
>ENSG00000160886(LY6K)	7030	TCAAAGAATATGCTGGGAGCATGGGTGAGAGCTGTGGTGGGCTGTGGCTGGCCATCCTCCTGCTGCTGGCCTCCATTGCAGCCGGCCTCAGCCTGTCTTGA
>ENSG00000197858(GPAA1)	5050	TGGCCTCGCTCGTGGCACCTCTGCTGATCTCACAGGCCATGGGACTGGCCCTCTATGTCCTGCCAGTGCTGGGCCAACACGTTGCCACCCAGCACTTCCCA
>ENSG00000197858(GPAA1)	3070	CTGCTGATCTCACAGGCCATGGGACTGGCCCTCTATGTCCTGCCAGTGCTGGGCCAACACGTTGCCACCCAGCACTTCCCAGTGGCAGAGGCTGAGGCTGT
>ENSG00000197858(GPAA1)	7030	TGCCCTGCAGGGTGTGGGGCTGGCCTCGCTCGTGGCACCTCTGCTGATCTCACAGGCCATGGGACTGGCCCTCTATGTCCTGCCAGTGCTGGGCCAACACG
>ENSG00000182325(FBXL6)	5050	GTCATGCTAGCCAAAGCCTGCTGCCAGCTCCATAGCCTGGACCTACAGCACTCCATGGTGAGCCCTGTGTCCCAAGGGGCCCTGAAAAAACCCAGGCCGGG
>ENSG00000182325(FBXL6)	3070	GTGTGACTGCTGACGCTCTGGTCATGCTAGCCAAAGCCTGCTGCCAGCTCCATAGCCTGGACCTACAGCACTCCATGGTGAGCCCTGTGTCCCAAGGGGCC
>ENSG00000182325(FBXL6)	7030	CTGCCAGCTCCATAGCCTGGACCTACAGCACTCCATGGTGAGCCCTGTGTCCCAAGGGGCCCTGAAAAAACCCAGGCCGGGGTGACGGGTGCTCTTGTATT
>ENSG00000122711(SPINK4)	5050	CCTCTCCCTCCCTTCTCTTCCACAGCCCATCTGTGAACACATGGTAGAGTCTCCAACCTGTTCCCAGATGTCCAACCTGGTCTGCGGCACTGATGGGCTCA
>ENSG00000122711(SPINK4)	3070	CACAGCCCATCTGTGAACACATGGTAGAGTCTCCAACCTGTTCCCAGATGTCCAACCTGGTCTGCGGCACTGATGGGCTCACATATACGAATGAATGCCAG
>ENSG00000122711(SPINK4)	7030	CTGCCTCTGAATCCCTGAGTCCTCTCCCTCCCTTCTCTTCCACAGCCCATCTGTGAACACATGGTAGAGTCTCCAACCTGTTCCCAGATGTCCAACCTGGT
>ENSG00000165282(PIGO)	5050	GCTACTCAGGACCTTCAAGCTAAGGAGCTTCATCAGCTGCAGAACCTCTTCTCCAAGGCCTCTGCTGACTACCAGTGGCTTCTCCAGAGCCCCAAGGGGGC
>ENSG00000165282(PIGO)	3070	TTCTTCATACCTACTCAGCTGCTACTCAGGACCTTCAAGCTAAGGAGCTTCATCAGCTGCAGAACCTCTTCTCCAAGGCCTCTGCTGACTACCAGTGGCTT
>ENSG00000165282(PIGO)	7030	TAAGGAGCTTCATCAGCTGCAGAACCTCTTCTCCAAGGCCTCTGCTGACTACCAGTGGCTTCTCCAGAGCCCCAAGGGGGCTGAGGCGACACTGCCGACTG
>ENSG00000137133(HINT2)	5050	GTGCACAATCTGTGTATCATCTGCACATTCATGTACTTGGGGGCCGGCAGCTCCAGTGGCCTCCAGGTTGAACCTGCCAACTGATTAAAGGACACCAGACT
>ENSG00000137133(HINT2)	3070	GATCAACGATGGGAAGCTGGGTGCACAATCTGTGTATCATCTGCACATTCATGTACTTGGGGGCCGGCAGCTCCAGTGGCCTCCAGGTTGAACCTGCCAAC
>ENSG00000137133(HINT2)	7030	CTGCACATTCATGTACTTGGGGGCCGGCAGCTCCAGTGGCCTCCAGGTTGAACCTGCCAACTGATTAAAGGACACCAGACTCTGGATGCTTGGATGGAAAG
>ENSG00000196305(IARS1)	5050	AGAGTTCATATTTACCACCATAAAGGCTCCCTTGAAACCATATCCAGTTTCTCCATCGGATAAAGTCCTTATTCAAGAAAAAACACAGGTGAGTCCTGAGT
>ENSG00000196305(IARS1)	3070	AGTGTTATTGAAAGCCACACAGAGTTCATATTTACCACCATAAAGGCTCCCTTGAAACCATATCCAGTTTCTCCATCGGATAAAGTCCTTATTCAAGAAAA
>ENSG00000196305(IARS1)	7030	TAAAGGCTCCCTTGAAACCATATCCAGTTTCTCCATCGGATAAAGTCCTTATTCAAGAAAAAACACAGGTGAGTCCTGAGTTCCACTGAACTACTACTAAA
>ENSG00000106785(TRIM14)	5050	GGCCATCAGCATCCCCCGGCTGCCCTAGGGGCCAGGACCGGCGTGACAGCCTCCAGGTACGCCGCAGCTGCCCAGTCTCGCCTAATCTACCTAGATCAGCG
>ENSG00000106785(TRIM14)	3070	GCCCTGCGGCTCTGGGAGGGGGCCATCAGCATCCCCCGGCTGCCCTAGGGGCCAGGACCGGCGTGACAGCCTCCAGGTACGCCGCAGCTGCCCAGTCTCGC
>ENSG00000106785(TRIM14)	7030	TGCCCTAGGGGCCAGGACCGGCGTGACAGCCTCCAGGTACGCCGCAGCTGCCCAGTCTCGCCTAATCTACCTAGATCAGCGTGGCTGGTCCCCTTACTGCC
>ENSG00000106804(C5)	5050	GGAATCTGCACTTCGGAAAGCCCAGTCATTGATCATCAGGGCACAAAGTCCTCCAAATGTGTGCGCCAGAAAGTAGAGGGCTCCTCCAGTCACTTGGTGAC
>ENSG00000106804(C5)	3070	TTAAAATGTCTGCTGTGGAGGGAATCTGCACTTCGGAAAGCCCAGTCATTGATCATCAGGGCACAAAGTCCTCCAAATGTGTGCGCCAGAAAGTAGAGGGC
>ENSG00000106804(C5)	7030	CCCAGTCATTGATCATCAGGGCACAAAGTCCTCCAAATGTGTGCGCCAGAAAGTAGAGGGCTCCTCCAGTCACTTGGTGACATTCACTGTGCTTCCTCTGG
>ENSG00000095303(PTGS1)	5050	GCGCTCTCAAGACCAGAGACCCAACAGCAGTGATCTCAGGGCAGACAGCCCTCCACTCCAGCTCTGAGACCCTTTTCTCAGGACCTCTGTAGGCAGCAGAG
>ENSG00000095303(PTGS1)	3070	CCAACAGCAGTGATCTCAGGGCAGACAGCCCTCCACTCCAGCTCTGAGACCCTTTTCTCAGGACCTCTGTAGGCAGCAGAGAGAGAGGACAGAGGGGTAAG
>ENSG00000095303(PTGS1)	7030	CTGCTCTGTCCTCCCCTATTGCGCTCTCAAGACCAGAGACCCAACAGCAGTGATCTCAGGGCAGACAGCCCTCCACTCCAGCTCTGAGACCCTTTTCTCAG
>ENSG00000106992(AK1)	5050	AAGGGCACCCAGTGTGAGAAGATCGTGCAGAAGTATGGCTACACCCACCTCTCCACCGGGGACCTCCTGCGGTCCGAGGTCAGCTCAGGCTCGGCCAGGGG
>ENSG00000106992(AK1)	3070	CAGGTGGGCCTGGCTCAGGGAAGGGCACCCAGTGTGAGAAGATCGTGCAGAAGTATGGCTACACCCACCTCTCCACCGGGGACCTCCTGCGGTCCGAGGTC
>ENSG00000106992(AK1)	7030	GATCGTGCAGAAGTATGGCTACACCCACCTCTCCACCGGGGACCTCCTGCGGTCCGAGGTCAGCTCAGGCTCGGCCAGGGGCAAGAAGCTGTCGGAAATCA
>ENSG00000136908(DPM2)	5050	TCCCTAGTCAGCCCTCTACCATCTGTTGAATGGGAAGCTTAGACCGTGATCGGGCCGCGACGCCCCGCTTCCATTAGTGCGCCGAAATAGAGGGTCACTTC
>ENSG00000136908(DPM2)	3070	TCTCCCAGCCTAGAAACTGATCCCTAGTCAGCCCTCTACCATCTGTTGAATGGGAAGCTTAGACCGTGATCGGGCCGCGACGCCCCGCTTCCATTAGTGCG
>ENSG00000136908(DPM2)	7030	ATCTGTTGAATGGGAAGCTTAGACCGTGATCGGGCCGCGACGCCCCGCTTCCATTAGTGCGCCGAAATAGAGGGTCACTTCGTCAGCTGAGACCTCCCTTT
>ENSG00000169925(BRD3)	5050	GGAAATGGGACGTCGCGCTTTCTCAGGGAGCGTAGAAGCAGCCAGGGCCTCTCCAAGCCGCTGCTGTGACAGAAAGTGAGTGAGCTGCCGGAGGATGTCCA
>ENSG00000169925(BRD3)	3070	GCTGTCGCCTGGTTGGGCCCGGAAATGGGACGTCGCGCTTTCTCAGGGAGCGTAGAAGCAGCCAGGGCCTCTCCAAGCCGCTGCTGTGACAGAAAGTGAGT
>ENSG00000169925(BRD3)	7030	TCTCAGGGAGCGTAGAAGCAGCCAGGGCCTCTCCAAGCCGCTGCTGTGACAGAAAGTGAGTGAGCTGCCGGAGGATGTCCACCGCCACGACAGTCGCCCCC
>ENSG00000213221(DNLZ)	5050	CAGCTACCCTGTCCCAGCCAGGTCTGCGGGACTAGGTCCTCCAAGCGCATCTCCAAGCTGGCCTATCACCAAGGCGTGGTCATTGTGACCTGCCCCGGCTG
>ENSG00000213221(DNLZ)	3070	GGCGGCCCTCACAGCCTCACCAGCTACCCTGTCCCAGCCAGGTCTGCGGGACTAGGTCCTCCAAGCGCATCTCCAAGCTGGCCTATCACCAAGGCGTGGTC
>ENSG00000213221(DNLZ)	7030	GGTCTGCGGGACTAGGTCCTCCAAGCGCATCTCCAAGCTGGCCTATCACCAAGGCGTGGTCATTGTGACCTGCCCCGGCTGCCAGAACCACCATATCATCG
>ENSG00000107331(ABCA2)	5050	GCTCCCCGCTCTTCCTCAAGGGCACCTATGGCGACGGGTACCGCCTCACGCTGGTCAAGCGGCCCGCCGAGCCGGGGGGCCCCCAAGGTCTGTGTTGAAGC
>ENSG00000107331(ABCA2)	3070	TGGGAAGCTCAAGTGCTGCGGCTCCCCGCTCTTCCTCAAGGGCACCTATGGCGACGGGTACCGCCTCACGCTGGTCAAGCGGCCCGCCGAGCCGGGGGGCC
>ENSG00000107331(ABCA2)	7030	GGCACCTATGGCGACGGGTACCGCCTCACGCTGGTCAAGCGGCCCGCCGAGCCGGGGGGCCCCCAAGGTCTGTGTTGAAGCTGCCTGAGCTGGCTTCGGGC
>ENSG00000177239(MAN1B1)	5050	CGTGAAGCCTCAGATGTCCCCAATCCAAGGGTCTGGAGGGGCTGCCGTGACTCCAGAGGCCTGAGGCTCCAGGGCTGGCTCTGGTGTTTACAAGCTGGACT
>ENSG00000177239(MAN1B1)	3070	CAATCCAAGGGTCTGGAGGGGCTGCCGTGACTCCAGAGGCCTGAGGCTCCAGGGCTGGCTCTGGTGTTTACAAGCTGGACTCAGGGATCCTCCTGGCCGCC
>ENSG00000177239(MAN1B1)	7030	GGTGCAGCTCTGCCCGGGCTCGTGAAGCCTCAGATGTCCCCAATCCAAGGGTCTGGAGGGGCTGCCGTGACTCCAGAGGCCTGAGGCTCCAGGGCTGGCTC
>ENSG00000188986(NELFB)	5050	CCTTGAGGACTTCTGCAGCAGCCTCTTCGATGGCTTCTTCCTCACCGCCTCTCCAAGGTAGGCCTGCTGGGTACCATCCGGCCCGCTCTGTCCTCTCAGCT
>ENSG00000188986(NELFB)	3070	GCCTCTTCGATGGCTTCTTCCTCACCGCCTCTCCAAGGTAGGCCTGCTGGGTACCATCCGGCCCGCTCTGTCCTCTCAGCTCTTGTCCGTAGCAGCCTGAG
>ENSG00000188986(NELFB)	7030	CTGCTGGCCGACGAATTTGCCCTTGAGGACTTCTGCAGCAGCCTCTTCGATGGCTTCTTCCTCACCGCCTCTCCAAGGTAGGCCTGCTGGGTACCATCCGG
>ENSG00000188986(NELFB)	5050	TCAGCCGGAAGAGGCTCCCGGACCTGGATGTACAGGGCAGTCTCTCTTCCCGGGGCTATGGCTGGGCCTGTCCTGCCGTCATGGCCCCCTGCTTCCTGCTC
>ENSG00000188986(NELFB)	3070	GACCTGGATGTACAGGGCAGTCTCTCTTCCCGGGGCTATGGCTGGGCCTGTCCTGCCGTCATGGCCCCCTGCTTCCTGCTCCTTGGAGCTGGCTCCCGGAC
>ENSG00000188986(NELFB)	7030	ATGCCGAGTCGCGGCCCTGCTCAGCCGGAAGAGGCTCCCGGACCTGGATGTACAGGGCAGTCTCTCTTCCCGGGGCTATGGCTGGGCCTGTCCTGCCGTCA
>ENSG00000169100(SLC25A6)	5050	GCTGGTCCTGTACGACGAGCTCAAGAAGGTGATCTAAGGGCCGCGGCCTCCTCCACACACACACACACACCAGGGGAACCAAGAGAACCACGTAGAATCCT
>ENSG00000169100(SLC25A6)	3070	GGCATGGGGGGCGCCTTCGTGCTGGTCCTGTACGACGAGCTCAAGAAGGTGATCTAAGGGCCGCGGCCTCCTCCACACACACACACACACCAGGGGAACCA
>ENSG00000169100(SLC25A6)	7030	TCAAGAAGGTGATCTAAGGGCCGCGGCCTCCTCCACACACACACACACACCAGGGGAACCAAGAGAACCACGTAGAATCCTCAACCGTGCGGACCATCAAC
>ENSG00000169100(SLC25A6)	5050	GCCATCTCCTTCGCCAAAGACTTCTTGGCCGGAGGCATCGCCGCCGCCATCTCCAAGACGGCCGTGGCTCCGATCGAGCGGGTCAAGCTGCTGCTGCAGGT
>ENSG00000169100(SLC25A6)	3070	CTGCCACCATGACGGAACAGGCCATCTCCTTCGCCAAAGACTTCTTGGCCGGAGGCATCGCCGCCGCCATCTCCAAGACGGCCGTGGCTCCGATCGAGCGG
>ENSG00000169100(SLC25A6)	7030	CTTCTTGGCCGGAGGCATCGCCGCCGCCATCTCCAAGACGGCCGTGGCTCCGATCGAGCGGGTCAAGCTGCTGCTGCAGGTGGGGACGCGGGCGCGGCCGC
>ENSG00000188153(COL4A5)	5050	CCAGCCTGGGCTAAAGGGTCTACCAGGACCCCAAGGACCTCAAGGCTTACCAGGTACCAATGCAGATCATCTTTATTATCATTATTATACTTTTAATTTCT
>ENSG00000188153(COL4A5)	3070	TACCAGGACCCCAAGGACCTCAAGGCTTACCAGGTACCAATGCAGATCATCTTTATTATCATTATTATACTTTTAATTTCTGGGATACATGTGCAGAATGT
>ENSG00000188153(COL4A5)	7030	GGTCCTCCAGGAATCCCTGGCCAGCCTGGGCTAAAGGGTCTACCAGGACCCCAAGGACCTCAAGGCTTACCAGGTACCAATGCAGATCATCTTTATTATCA
>ENSG00000185825(BCAP31)	5050	TGGCTTCCACCTGGCACGTGCCTGCTGCTTCCTGAGAGCCCGGCCTCTCCCTCCAGTACTTCTGTTTGTGCCCTTCTGCTTCCCCCATTCCCTTCCACAGC
>ENSG00000185825(BCAP31)	3070	CTTCCTCCCCTGCCTGCAGCTGGCTTCCACCTGGCACGTGCCTGCTGCTTCCTGAGAGCCCGGCCTCTCCCTCCAGTACTTCTGTTTGTGCCCTTCTGCTT
>ENSG00000185825(BCAP31)	7030	CCTGCTGCTTCCTGAGAGCCCGGCCTCTCCCTCCAGTACTTCTGTTTGTGCCCTTCTGCTTCCCCCATTCCCTTCCACAGCTCATAGCTCGTCATCTCGGC
>ENSG00000071553(ATP6AP1)	5050	GCTCCTGCGGCCGACACTCATGAAGGCCACATCACCAGCGACTTGCAGCTCTCTACCTACTTAGATCCCGCCCTGGAGCTGGGTCCCAGGAATGTGCTGCT
>ENSG00000071553(ATP6AP1)	3070	TGAAGGCCACATCACCAGCGACTTGCAGCTCTCTACCTACTTAGATCCCGCCCTGGAGCTGGGTCCCAGGAATGTGCTGCTGTTCCTGCAGGACAAGGTGC
>ENSG00000071553(ATP6AP1)	7030	GCCCTGCCAGGGACTTGTGGGCTCCTGCGGCCGACACTCATGAAGGCCACATCACCAGCGACTTGCAGCTCTCTACCTACTTAGATCCCGCCCTGGAGCTG
>ENSG00000126903(SLC10A3)	5050	GGGGTGGCTTTGTGGTGAGCATCCACTCAGGCCTGGCTGGGCTGGCCCCACTCCACATCCAGCTCGTGGACGCCCATGAGGCCCCGCCCACACTGATTGAG
>ENSG00000126903(SLC10A3)	3070	TGCTATAACCTGGGGAGGCGGGGGTGGCTTTGTGGTGAGCATCCACTCAGGCCTGGCTGGGCTGGCCCCACTCCACATCCAGCTCGTGGACGCCCATGAGG
>ENSG00000126903(SLC10A3)	7030	ATCCACTCAGGCCTGGCTGGGCTGGCCCCACTCCACATCCAGCTCGTGGACGCCCATGAGGCCCCGCCCACACTGATTGAGGAGCGGAGAGACTTCTGCAT